Station,Date,Tavg,Week,precip_7D_avg,Trange,relative_humidity
1,2007-05-07,43.333333333333336,19,0.0004285714285714286,36,80.0
1,2007-05-08,45.333333333333336,19,0.0004285714285714286,28,190.0
2,2007-05-08,46.666666666666664,19,0.00028571428571428574,20,167.0
1,2007-05-09,46.0,19,0.019,16,187.0
2,2007-05-09,46.666666666666664,19,0.0031428571428571426,13,185.0
1,2007-05-10,46.666666666666664,19,0.019,28,135.0
2,2007-05-10,47.333333333333336,19,0.003142857142857143,24,129.0
1,2007-05-15,46.0,20,0.07285714285714286,23,168.0
2,2007-05-15,46.0,20,0.08857142857142856,26,168.0
1,2007-05-16,36.666666666666664,20,0.07428571428571429,22,232.0
2,2007-05-16,36.666666666666664,20,0.09571428571428571,19,212.0
1,2007-05-20,37.333333333333336,20,0.0842857142857143,26,149.0
2,2007-05-20,38.0,20,0.11142857142857143,25,149.0
1,2007-05-24,50.666666666666664,21,0.012857142857142859,25,117.0
2,2007-05-24,51.333333333333336,21,0.015857142857142858,22,108.0
2,2007-05-25,41.333333333333336,21,0.028714285714285716,9,148.0
1,2007-05-26,38.0,21,0.15728571428571428,16,369.0
2,2007-05-26,40.0,21,0.06871428571428571,20,278.0
1,2007-05-27,44.0,21,0.153,18,124.0
2,2007-05-27,44.666666666666664,21,0.06442857142857143,16,133.0
1,2007-05-28,43.333333333333336,22,0.1531428571428571,29,131.0
1,2007-05-29,49.333333333333336,22,0.1531428571428571,28,147.0
2,2007-05-29,51.333333333333336,22,0.06442857142857143,23,137.0
1,2007-05-30,51.333333333333336,22,0.1531428571428571,21,133.0
2,2007-05-30,53.333333333333336,22,0.06442857142857143,19,116.0
1,2007-05-31,48.0,22,0.1517142857142857,13,176.0
2,2007-05-31,49.333333333333336,22,0.14,12,163.0
1,2007-06-01,49.333333333333336,22,0.1787142857142857,23,174.0
2,2007-06-01,51.333333333333336,22,0.15714285714285717,19,156.0
1,2007-06-02,48.666666666666664,22,0.04014285714285714,16,180.0
2,2007-06-02,50.0,22,0.1172857142857143,13,162.0
1,2007-06-03,46.666666666666664,22,0.03585714285714286,16,185.0
2,2007-06-03,47.333333333333336,22,0.15157142857142855,13,178.0
1,2007-06-04,43.333333333333336,23,0.09142857142857143,13,222.0
2,2007-06-04,42.666666666666664,23,0.19585714285714287,16,227.0
1,2007-06-05,37.333333333333336,23,0.15142857142857144,17,293.0
2,2007-06-05,38.0,23,0.23442857142857143,12,245.0
1,2007-06-06,38.666666666666664,23,0.15285714285714286,27,235.0
2,2007-06-06,40.666666666666664,23,0.23457142857142857,25,171.0
1,2007-06-16,53.333333333333336,24,0.00014285714285714287,27,129.0
2,2007-06-16,53.333333333333336,24,0.00014285714285714287,24,134.0
1,2007-06-17,54.0,24,0.00014285714285714287,21,142.0
2,2007-06-17,54.0,24,0.023,20,146.0
1,2007-06-18,52.666666666666664,25,0.04014285714285715,20,155.0
2,2007-06-18,54.0,25,0.025857142857142856,16,146.0
1,2007-06-19,48.666666666666664,25,0.123,15,136.0
2,2007-06-19,48.666666666666664,25,0.15871428571428572,16,136.0
1,2007-06-21,46.0,25,0.12442857142857143,16,134.0
2,2007-06-21,48.666666666666664,25,0.15885714285714286,14,113.0
1,2007-06-22,46.0,25,0.12457142857142857,15,127.0
2,2007-06-22,46.0,25,0.159,13,121.0
1,2007-06-23,43.333333333333336,25,0.1315714285714286,5,222.0
2,2007-06-23,43.333333333333336,25,0.20742857142857146,7,238.0
1,2007-06-24,46.666666666666664,25,0.1315714285714286,14,198.0
2,2007-06-24,46.666666666666664,25,0.18457142857142858,10,198.0
1,2007-06-25,51.333333333333336,26,0.09157142857142857,24,170.0
2,2007-06-25,51.333333333333336,26,0.18171428571428572,19,175.0
1,2007-06-26,54.0,26,0.03157142857142857,22,163.0
2,2007-06-26,54.666666666666664,26,0.049,18,158.0
1,2007-06-27,54.0,26,0.053,20,167.0
2,2007-06-27,53.333333333333336,26,0.099,18,168.0
1,2007-07-03,48.0,27,0.07857142857142858,23,153.0
2,2007-07-03,48.666666666666664,27,0.06285714285714285,20,142.0
1,2007-07-04,51.333333333333336,27,0.08,19,166.0
2,2007-07-04,50.666666666666664,27,0.10714285714285714,17,171.0
1,2007-07-05,53.333333333333336,27,0.08,18,129.0
2,2007-07-05,52.666666666666664,27,0.10714285714285714,18,133.0
1,2007-07-09,54.666666666666664,28,0.12285714285714286,24,146.0
2,2007-07-09,55.333333333333336,28,0.14142857142857143,21,146.0
1,2007-07-10,52.666666666666664,28,0.12714285714285714,20,164.0
2,2007-07-10,53.333333333333336,28,0.13999999999999999,19,159.0
2,2007-07-12,46.666666666666664,28,0.045714285714285714,20,128.0
1,2007-07-16,49.333333333333336,29,0.11714285714285715,17,158.0
2,2007-07-16,49.333333333333336,29,0.021428571428571432,16,158.0
1,2007-07-17,50.666666666666664,29,0.07142857142857142,15,176.0
2,2007-07-17,50.666666666666664,29,0.025714285714285714,14,171.0
1,2007-07-18,51.333333333333336,29,0.2928571428571428,16,180.0
2,2007-07-18,51.333333333333336,29,0.15714285714285717,16,184.0
1,2007-07-19,48.666666666666664,29,0.3157142857142857,20,180.0
2,2007-07-19,48.666666666666664,29,0.15857142857142856,19,175.0
1,2007-07-26,50.0,30,0.027285714285714285,17,177.0
2,2007-07-26,49.333333333333336,30,0.12728571428571428,20,184.0
1,2007-07-27,51.333333333333336,30,0.05157142857142857,13,180.0
2,2007-07-27,51.333333333333336,30,0.13299999999999998,13,175.0
1,2007-07-28,48.666666666666664,30,0.05157142857142857,14,191.0
2,2007-07-28,50.0,30,0.13299999999999998,10,177.0
1,2007-08-01,54.0,31,0.05142857142857143,23,134.0
1,2007-08-02,54.0,31,0.02428571428571429,21,151.0
1,2007-08-04,48.666666666666664,31,0.004285714285714286,17,153.0
2,2007-08-04,50.0,31,0.0028571428571428415,13,142.0
1,2007-08-05,52.0,31,0.20857142857142857,21,187.0
2,2007-08-05,52.0,31,0.1414285714285714,20,187.0
1,2007-08-06,54.0,32,0.24571428571428572,14,175.0
2,2007-08-06,53.333333333333336,32,0.14857142857142855,10,180.0
1,2007-08-07,54.666666666666664,32,0.4328571428571429,19,174.0
2,2007-08-07,55.333333333333336,32,0.1571428571428571,19,169.0
1,2007-08-08,53.333333333333336,32,0.4414285714285714,14,176.0
2,2007-08-08,54.0,32,0.16999999999999998,13,175.0
1,2007-08-09,52.0,32,0.44857142857142857,12,187.0
2,2007-08-09,52.666666666666664,32,0.2357142857142857,12,181.0
1,2007-08-10,52.0,32,0.44857142857142857,16,174.0
1,2007-08-11,52.0,32,0.44428571428571434,22,160.0
2,2007-08-11,52.0,32,0.23285714285714285,20,160.0
1,2007-08-12,52.0,32,0.2814285714285714,21,169.0
2,2007-08-12,52.0,32,0.12714285714285714,19,169.0
1,2007-08-13,48.666666666666664,33,0.24428571428571427,16,147.0
1,2007-08-14,50.0,33,0.1157142857142857,19,187.0
2,2007-08-14,50.0,33,0.1757142857142857,19,182.0
1,2007-08-15,50.666666666666664,33,0.13999999999999999,9,181.0
2,2007-08-15,51.333333333333336,33,0.2814285714285714,9,184.0
1,2007-08-16,47.333333333333336,33,0.13285714285714284,12,201.0
2,2007-08-16,48.0,33,0.2157142857142857,10,199.0
1,2007-08-18,42.666666666666664,33,0.1457142857142857,9,201.0
2,2007-08-18,43.333333333333336,33,0.2757142857142857,9,190.0
1,2007-08-19,43.333333333333336,33,0.2942857142857143,6,254.0
2,2007-08-19,44.0,33,0.4328571428571429,7,248.0
1,2007-08-20,48.666666666666664,34,0.4242857142857143,10,207.0
2,2007-08-20,48.0,34,0.5014285714285714,8,221.0
1,2007-08-21,52.0,34,0.36585714285714294,18,183.0
2,2007-08-21,51.333333333333336,34,0.43857142857142856,16,189.0
1,2007-08-22,53.333333333333336,34,0.38585714285714284,21,176.0
2,2007-08-22,53.333333333333336,34,0.44571428571428573,20,172.0
1,2007-08-23,52.0,34,0.7215714285714286,18,178.0
2,2007-08-23,53.333333333333336,34,0.7257142857142858,19,168.0
1,2007-08-24,50.0,34,0.7558571428571429,11,187.0
2,2007-08-24,50.0,34,0.7542857142857143,12,187.0
1,2007-08-25,48.0,34,0.7915714285714286,15,187.0
2,2007-08-25,47.333333333333336,34,0.7300000000000001,11,195.0
1,2007-09-05,52.0,36,0.00014285714285714287,24,151.0
1,2007-09-06,52.0,36,0.025857142857142856,9,169.0
2,2007-09-06,52.666666666666664,36,0.011428571428571429,10,160.0
1,2007-09-07,51.333333333333336,36,0.053,14,180.0
2,2007-09-07,52.0,36,0.10714285714285714,13,169.0
1,2007-09-10,42.666666666666664,37,0.10442857142857143,20,236.0
2,2007-09-10,42.666666666666664,37,0.14285714285714285,18,244.0
1,2007-09-21,50.666666666666664,38,0.0,24,142.0
2,2007-09-21,52.666666666666664,38,0.0,22,129.0
1,2007-09-25,49.333333333333336,39,0.038571428571428576,22,184.0
2,2007-09-25,50.0,39,0.0014285714285714286,16,182.0
1,2007-09-26,40.666666666666664,39,0.05142857142857143,16,203.0
2,2007-09-26,41.333333333333336,39,0.021428571428571432,13,199.0
1,2007-09-27,41.333333333333336,39,0.05157142857142857,26,179.0
2,2007-09-27,42.0,39,0.021571428571428575,22,167.0
1,2007-09-30,47.333333333333336,39,0.07157142857142858,24,110.0
2,2007-09-30,48.666666666666664,39,0.04157142857142858,23,96.0
1,2007-10-01,42.666666666666664,40,0.113,10,244.0
2,2007-10-01,42.666666666666664,40,0.06585714285714286,9,244.0
1,2007-10-02,45.333333333333336,40,0.08728571428571429,21,196.0
2,2007-10-02,46.666666666666664,40,0.08014285714285715,21,179.0
1,2007-10-04,44.666666666666664,40,0.07428571428571429,31,185.0
1,2007-10-05,48.666666666666664,40,0.07428571428571429,22,191.0
2,2007-10-05,51.333333333333336,40,0.06871428571428571,17,166.0
1,2007-10-10,34.0,41,0.00014285714285714287,7,297.0
1,2007-10-14,38.0,41,0.02157142857142857,8,276.0
2,2007-10-14,39.333333333333336,41,0.0015714285714285713,8,201.0
1,2007-10-15,42.0,42,0.03157142857142857,23,196.0
2,2007-10-15,44.0,42,0.007285714285714286,22,148.0
1,2007-10-16,40.0,42,0.06585714285714285,15,266.0
2,2007-10-16,41.333333333333336,42,0.034428571428571426,12,239.0
1,2007-10-17,40.0,42,0.07142857142857142,25,255.0
2,2007-10-17,41.333333333333336,42,0.049999999999999996,24,219.0
1,2007-10-18,46.0,42,0.1142857142857143,19,168.0
2,2007-10-18,46.666666666666664,42,0.09857142857142856,19,167.0
1,2007-10-19,37.333333333333336,42,0.1157142857142857,8,293.0
2,2007-10-19,38.0,42,0.09871428571428571,8,261.0
1,2007-10-22,38.0,43,0.10714285714285714,21,245.0
2,2007-10-22,38.0,43,0.11299999999999999,19,245.0
2,2007-10-23,33.333333333333336,43,0.09014285714285715,7,518.0
1,2007-10-25,33.333333333333336,43,0.02442857142857143,10,518.0
2,2007-10-25,34.0,43,0.026,12,394.0
1,2007-10-26,39.333333333333336,43,0.07014285714285715,12,214.0
2,2007-10-26,40.0,43,0.08442857142857142,13,208.0
1,2007-10-27,30.666666666666668,43,0.07157142857142858,18,-442.0
2,2007-10-27,32.0,43,0.09585714285714285,18,inf
1,2008-05-02,42.0,18,0.1842857142857143,23,223.0
2,2008-05-02,43.333333333333336,18,0.11728571428571428,19,206.0
1,2008-05-03,33.333333333333336,18,0.183,13,663.0
2,2008-05-03,33.333333333333336,18,0.10728571428571429,12,735.0
1,2008-05-07,40.0,19,0.29157142857142854,21,243.0
2,2008-05-07,40.666666666666664,19,0.20871428571428569,21,236.0
1,2008-05-11,34.666666666666664,19,0.24428571428571427,12,405.0
2,2008-05-11,36.0,19,0.31,13,295.0
1,2008-05-13,38.0,20,0.2557142857142857,33,213.0
2,2008-05-13,39.333333333333336,20,0.3557142857142857,28,175.0
1,2008-05-14,36.666666666666664,20,0.15,19,334.0
2,2008-05-14,36.0,20,0.2571428571428572,15,413.0
1,2008-05-17,42.0,20,0.16714285714285712,21,90.0
2,2008-05-17,41.333333333333336,20,0.2942857142857143,23,97.0
1,2008-05-19,33.333333333333336,21,0.03157142857142857,20,75.0
2,2008-05-19,34.0,21,0.08585714285714285,17,100.0
1,2008-05-25,40.666666666666664,21,0.00028571428571428574,34,203.0
1,2008-05-26,42.666666666666664,22,0.06871428571428571,34,253.0
2,2008-05-26,46.0,22,0.00014285714285714287,31,194.0
2,2008-05-27,32.666666666666664,22,0.00014285714285714287,8,595.0
1,2008-05-29,36.666666666666664,22,0.07014285714285715,25,107.0
2,2008-05-29,38.0,22,0.011571428571428571,23,100.0
1,2008-05-30,44.0,22,0.12728571428571428,22,218.0
2,2008-05-30,45.333333333333336,22,0.05442857142857143,19,203.0
1,2008-06-02,47.333333333333336,23,0.05871428571428572,30,129.0
1,2008-06-03,41.333333333333336,23,0.133,14,239.0
2,2008-06-03,44.0,23,0.18571428571428572,17,210.0
1,2008-06-04,44.0,23,0.13314285714285715,24,218.0
2,2008-06-04,46.0,23,0.18857142857142858,19,200.0
1,2008-06-05,49.333333333333336,23,0.22314285714285714,27,199.0
2,2008-06-05,52.0,23,0.20857142857142857,20,178.0
1,2008-06-06,53.333333333333336,23,0.16614285714285712,14,163.0
2,2008-06-06,53.333333333333336,23,0.17,13,168.0
1,2008-06-07,51.333333333333336,23,0.18185714285714286,16,193.0
2,2008-06-07,52.0,23,0.18,12,187.0
1,2008-06-08,50.0,23,0.359,21,192.0
2,2008-06-08,50.666666666666664,23,0.36714285714285716,22,190.0
1,2008-06-09,46.666666666666664,24,0.3788571428571429,9,210.0
2,2008-06-09,46.666666666666664,24,0.3971428571428572,9,210.0
1,2008-06-10,46.0,24,0.30471428571428566,20,168.0
2,2008-06-10,46.666666666666664,24,0.2671428571428572,20,160.0
1,2008-06-13,49.333333333333336,24,0.26871428571428574,17,168.0
2,2008-06-13,49.333333333333336,24,0.2557142857142857,16,174.0
1,2008-06-15,47.333333333333336,24,0.10157142857142858,20,178.0
2,2008-06-15,47.333333333333336,24,0.09999999999999999,22,178.0
1,2008-06-20,46.666666666666664,25,0.038571428571428576,24,141.0
2,2008-06-20,48.0,25,0.04714285714285713,23,124.0
2,2008-06-21,48.666666666666664,25,0.048571428571428564,21,125.0
1,2008-06-22,46.666666666666664,25,0.037142857142857144,25,135.0
2,2008-06-22,47.333333333333336,25,0.009999999999999993,20,135.0
1,2008-06-25,48.666666666666664,26,0.04857142857142858,13,186.0
2,2008-06-25,48.666666666666664,26,0.025714285714285707,12,191.0
1,2008-06-26,52.0,26,0.04857142857142858,16,165.0
2,2008-06-26,52.666666666666664,26,0.025714285714285707,16,164.0
1,2008-06-27,50.0,26,0.03585714285714286,18,187.0
2,2008-06-27,51.333333333333336,26,0.020142857142857132,16,175.0
1,2008-06-28,49.333333333333336,26,0.04014285714285715,19,131.0
2,2008-06-28,50.0,26,0.01885714285714285,18,126.0
1,2008-06-29,45.333333333333336,26,0.10014285714285713,15,190.0
2,2008-06-29,46.0,26,0.047428571428571424,16,181.0
1,2008-07-02,50.0,27,0.11728571428571428,24,162.0
2,2008-07-02,50.666666666666664,27,0.048857142857142856,26,157.0
1,2008-07-07,52.666666666666664,28,0.033,16,164.0
1,2008-07-10,48.666666666666664,28,0.11157142857142856,18,180.0
2,2008-07-10,49.333333333333336,28,0.07728571428571428,20,168.0
1,2008-07-11,50.666666666666664,28,0.16014285714285714,24,171.0
2,2008-07-11,51.333333333333336,28,0.08142857142857142,25,166.0
1,2008-07-12,48.666666666666664,28,0.2644285714285714,16,180.0
2,2008-07-12,50.0,28,0.1742857142857143,17,172.0
1,2008-07-18,53.333333333333336,29,0.11,12,163.0
2,2008-07-18,54.666666666666664,29,0.093,18,150.0
1,2008-07-19,48.666666666666664,29,0.23571428571428574,11,207.0
2,2008-07-19,50.0,29,0.17442857142857143,10,202.0
1,2008-07-20,51.333333333333336,29,0.34142857142857147,18,180.0
2,2008-07-20,51.333333333333336,29,0.23585714285714282,18,180.0
1,2008-07-21,50.666666666666664,30,0.36,15,171.0
2,2008-07-21,51.333333333333336,30,0.2544285714285714,14,170.0
2,2008-07-22,47.333333333333336,30,0.26299999999999996,9,183.0
1,2008-07-26,50.0,30,0.12442857142857143,19,142.0
2,2008-07-26,50.666666666666664,30,0.08857142857142856,18,137.0
1,2008-07-29,51.333333333333336,31,0.0071428571428571435,23,175.0
2,2008-07-29,53.333333333333336,31,0.032857142857142856,19,159.0
1,2008-07-31,54.0,31,0.027142857142857142,17,155.0
2,2008-07-31,53.333333333333336,31,0.10428571428571429,18,168.0
1,2008-08-01,52.666666666666664,31,0.17714285714285713,21,168.0
1,2008-08-04,52.666666666666664,32,0.5242857142857142,17,168.0
2,2008-08-04,52.666666666666664,32,0.18857142857142856,19,173.0
1,2008-08-05,52.0,32,0.5171428571428572,18,169.0
2,2008-08-05,53.333333333333336,32,0.16714285714285712,17,168.0
2,2008-08-09,46.666666666666664,32,0.09871428571428571,17,173.0
1,2008-08-13,48.666666666666664,33,0.008714285714285777,13,158.0
1,2008-08-14,47.333333333333336,33,0.008714285714285777,16,178.0
2,2008-08-14,48.0,33,0.0004285714285714286,13,170.0
1,2008-08-21,50.0,34,0.0001428571428572063,14,157.0
2,2008-08-21,50.666666666666664,34,0.00014285714285714287,13,147.0
1,2008-08-22,52.0,34,0.013000000000000064,11,174.0
2,2008-08-22,53.333333333333336,34,0.00028571428571428574,9,168.0
1,2008-08-23,52.0,34,0.013000000000000064,19,165.0
2,2008-08-23,53.333333333333336,34,0.00028571428571428574,21,163.0
1,2008-08-28,48.0,35,0.02142857142857149,17,193.0
2,2008-08-28,49.333333333333336,35,0.003,14,184.0
1,2008-08-29,50.0,35,0.01428571428571435,21,142.0
2,2008-08-29,50.666666666666664,35,0.003,17,152.0
1,2008-09-02,53.333333333333336,36,0.01428571428571435,29,134.0
2,2008-09-02,54.666666666666664,36,0.0031428571428571426,27,126.0
1,2008-09-03,48.0,36,0.017142857142857206,11,170.0
1,2008-09-04,42.666666666666664,36,0.42285714285714293,6,261.0
2,2008-09-04,44.0,36,0.3831428571428571,5,248.0
2,2008-09-05,42.0,36,0.3844285714285714,10,251.0
1,2008-09-06,42.666666666666664,36,0.4185714285714286,21,201.0
2,2008-09-06,43.333333333333336,36,0.3845714285714286,18,190.0
1,2008-09-08,40.0,37,0.5942857142857143,15,243.0
2,2008-09-08,41.333333333333336,37,0.5302857142857142,17,229.0
1,2008-09-11,44.666666666666664,37,0.17728571428571432,24,192.0
2,2008-09-11,45.333333333333336,37,0.14871428571428572,22,183.0
1,2008-09-12,47.333333333333336,37,0.2301428571428572,4,219.0
2,2008-09-12,47.333333333333336,37,0.23585714285714282,4,224.0
1,2008-09-13,48.0,37,1.1772857142857143,7,221.0
2,2008-09-13,48.666666666666664,37,0.6742857142857143,8,223.0
1,2008-09-14,43.333333333333336,37,1.3830000000000002,14,246.0
2,2008-09-14,43.333333333333336,37,0.9228571428571428,14,254.0
2,2008-09-20,47.333333333333336,38,0.25142857142857145,23,154.0
1,2008-09-21,46.0,38,0.00014285714285726975,22,200.0
2,2008-09-21,46.666666666666664,38,0.0014285714285714286,20,192.0
1,2008-09-22,47.333333333333336,39,1.2688263138573217e-16,20,172.0
2,2008-09-22,48.666666666666664,39,0.0,19,158.0
1,2008-09-24,46.666666666666664,39,0.0285714285714287,25,179.0
1,2008-09-25,46.666666666666664,39,0.0285714285714287,14,192.0
2,2008-09-25,48.0,39,0.0,12,176.0
1,2008-09-26,46.0,39,0.0285714285714287,20,161.0
2,2008-09-26,46.0,39,0.0,18,154.0
1,2008-09-27,44.666666666666664,39,0.0285714285714287,28,170.0
2,2008-09-27,45.333333333333336,39,0.0,25,162.0
1,2008-09-29,39.333333333333336,40,0.14571428571428585,10,303.0
2,2008-09-29,40.666666666666664,40,0.015714285714285715,9,278.0
1,2008-10-03,34.666666666666664,40,0.11857142857142867,16,369.0
2,2008-10-03,36.0,40,0.018571428571428572,10,271.0
1,2008-10-05,34.0,40,0.12714285714285725,20,539.0
2,2008-10-05,36.0,40,0.022857142857142857,15,222.0
1,2008-10-07,40.0,41,0.12428571428571443,7,243.0
2,2008-10-07,40.666666666666664,41,0.13,9,225.0
1,2008-10-08,38.0,41,0.15142857142857155,14,307.0
2,2008-10-08,38.666666666666664,41,0.16999999999999998,11,291.0
1,2008-10-12,47.333333333333336,41,0.1414285714285716,27,154.0
1,2008-10-14,40.666666666666664,42,0.02728571428571443,16,126.0
1,2008-10-15,36.666666666666664,42,0.04300000000000014,16,374.0
2,2008-10-15,38.0,42,0.034428571428571426,14,307.0
1,2008-10-18,34.666666666666664,42,0.05014285714285728,17,296.0
2,2008-10-18,35.333333333333336,42,0.05457142857142857,14,266.0
1,2008-10-20,32.666666666666664,43,0.075857142857143,12,1468.0
2,2008-10-20,33.333333333333336,43,0.09885714285714285,12,807.0
1,2008-10-23,33.333333333333336,43,0.05571428571428586,17,298.0
2,2008-10-23,33.333333333333336,43,0.07728571428571429,20,150.0
1,2008-10-24,32.666666666666664,43,0.10142857142857156,10,1754.0
2,2008-10-24,34.0,43,0.16714285714285712,11,586.0
1,2008-10-25,32.0,43,0.09442857142857156,10,inf
1,2008-10-26,31.333333333333332,43,0.09457142857142871,19,-0.0
2,2008-10-26,30.666666666666668,43,0.14871428571428574,20,-149.0
2,2008-10-27,27.333333333333332,44,0.10457142857142858,13,86.0
2,2008-10-31,40.0,44,0.0017142857142857144,22,173.0
1,2009-05-01,35.333333333333336,18,0.0031428571428572852,14,237.0
2,2009-05-01,36.666666666666664,18,0.007285714285714286,14,212.0
1,2009-05-06,42.0,19,0.09857142857142873,24,186.0
2,2009-05-06,44.0,19,0.1285714285714286,19,156.0
1,2009-05-07,44.666666666666664,19,0.12571428571428586,21,155.0
2,2009-05-07,44.666666666666664,19,0.13285714285714287,21,163.0
1,2009-05-08,43.333333333333336,19,0.12571428571428586,24,181.0
2,2009-05-08,44.0,19,0.1285714285714286,17,187.0
2,2009-05-10,36.666666666666664,19,0.13142857142857142,24,170.0
1,2009-05-13,41.333333333333336,20,0.10871428571428586,17,249.0
2,2009-05-13,42.0,20,0.1557142857142857,17,251.0
1,2009-05-15,38.0,20,0.1344285714285716,9,307.0
2,2009-05-15,39.333333333333336,20,0.2501428571428571,8,265.0
1,2009-05-16,36.0,20,0.13428571428571442,17,198.0
2,2009-05-16,36.666666666666664,20,0.25585714285714284,15,191.0
1,2009-05-25,40.666666666666664,22,0.005714285714285857,13,126.0
2,2009-05-25,40.0,22,0.011714285714285715,8,173.0
1,2009-05-26,42.666666666666664,22,0.252857142857143,21,175.0
2,2009-05-26,44.0,22,0.20885714285714285,20,179.0
1,2009-05-27,42.666666666666664,22,0.25571428571428584,18,236.0
2,2009-05-27,44.666666666666664,22,0.20885714285714285,17,214.0
1,2009-05-30,43.333333333333336,22,0.2560000000000001,29,123.0
1,2009-06-01,43.333333333333336,23,0.3131428571428573,27,181.0
2,2009-06-01,44.0,23,0.31599999999999995,28,179.0
1,2009-06-02,36.0,23,0.08314285714285728,12,342.0
2,2009-06-02,37.333333333333336,23,0.12742857142857142,11,275.0
2,2009-06-06,40.666666666666664,23,0.12728571428571428,11,182.0
1,2009-06-07,42.0,23,0.0885714285714287,21,205.0
2,2009-06-07,43.333333333333336,23,0.12742857142857142,18,190.0
1,2009-06-08,44.0,24,0.09000000000000012,28,225.0
2,2009-06-08,46.0,24,0.05171428571428571,27,200.0
1,2009-06-09,40.666666666666664,24,0.07300000000000013,12,236.0
2,2009-06-09,41.333333333333336,24,0.04328571428571428,11,219.0
1,2009-06-10,40.666666666666664,24,0.07442857142857155,13,192.0
2,2009-06-10,40.666666666666664,24,0.048999999999999995,12,203.0
1,2009-06-11,39.333333333333336,24,0.07585714285714298,11,252.0
2,2009-06-11,38.0,24,0.21185714285714283,7,338.0
1,2009-06-12,41.333333333333336,24,0.07600000000000014,25,179.0
1,2009-06-13,40.666666666666664,24,0.12028571428571443,14,214.0
2,2009-06-13,40.666666666666664,24,0.2561428571428571,10,225.0
2,2009-06-15,46.0,25,0.2131428571428571,24,121.0
1,2009-06-16,43.333333333333336,25,0.22585714285714298,12,198.0
2,2009-06-16,45.333333333333336,25,0.3658571428571428,7,183.0
1,2009-06-17,44.0,25,0.22442857142857156,10,218.0
2,2009-06-17,45.333333333333336,25,0.36014285714285715,10,203.0
1,2009-06-18,47.333333333333336,25,0.24014285714285727,19,195.0
2,2009-06-18,48.0,25,0.21300000000000002,18,193.0
1,2009-06-19,50.666666666666664,25,0.8071428571428573,21,181.0
2,2009-06-19,51.333333333333336,25,0.3371428571428572,22,180.0
2,2009-06-21,52.666666666666664,25,0.29300000000000004,15,151.0
1,2009-06-22,52.666666666666664,26,0.7742857142857144,21,164.0
2,2009-06-22,53.333333333333336,26,0.3015714285714286,19,159.0
1,2009-06-24,56.666666666666664,26,0.6042857142857144,19,142.0
2,2009-06-24,55.333333333333336,26,0.2601428571428571,20,150.0
1,2009-06-27,50.666666666666664,26,0.06300000000000013,27,152.0
2,2009-06-27,52.666666666666664,26,0.12728571428571428,23,133.0
1,2009-07-01,40.666666666666664,27,0.04314285714285727,8,225.0
2,2009-07-01,40.666666666666664,27,0.01,8,246.0
1,2009-07-04,42.666666666666664,27,0.02871428571428584,10,236.0
2,2009-07-04,44.0,27,0.02,6,210.0
1,2009-07-05,46.0,27,0.03585714285714298,24,181.0
2,2009-07-05,48.0,27,0.024285714285714282,21,165.0
1,2009-07-07,45.333333333333336,28,0.03600000000000013,18,162.0
1,2009-07-08,42.0,28,0.04442857142857155,4,233.0
2,2009-07-08,43.333333333333336,28,0.04571428571428572,6,198.0
1,2009-07-10,48.666666666666664,28,0.05585714285714299,19,186.0
2,2009-07-10,50.666666666666664,28,0.06285714285714286,17,171.0
1,2009-07-11,49.333333333333336,28,0.06300000000000013,22,152.0
2,2009-07-11,51.333333333333336,28,0.20571428571428574,17,142.0
1,2009-07-15,50.0,29,0.1442857142857144,20,162.0
2,2009-07-15,51.333333333333336,29,0.2228571428571429,19,152.0
2,2009-07-17,42.666666666666664,29,0.23014285714285718,12,184.0
1,2009-07-21,46.0,30,0.10300000000000013,22,174.0
1,2009-07-22,47.333333333333336,30,0.006000000000000143,15,183.0
2,2009-07-22,48.666666666666664,30,0.02442857142857143,13,158.0
1,2009-07-23,48.0,30,0.005857142857143,20,159.0
2,2009-07-23,47.333333333333336,30,0.01442857142857143,16,178.0
1,2009-07-24,48.0,30,0.025857142857143002,22,165.0
2,2009-07-24,48.666666666666664,30,0.04142857142857143,21,164.0
1,2009-07-26,48.666666666666664,30,0.026000000000000145,19,153.0
1,2009-07-27,49.333333333333336,31,0.028857142857143,20,163.0
2,2009-07-27,50.0,31,0.04585714285714286,18,157.0
1,2009-07-28,50.0,31,0.024571428571428716,18,152.0
1,2009-08-01,45.333333333333336,31,0.004714285714285857,14,196.0
2,2009-08-03,51.333333333333336,32,0.011571428571428571,18,147.0
1,2009-08-04,50.666666666666664,32,0.01028571428571443,18,152.0
2,2009-08-04,52.0,32,0.010142857142857144,17,151.0
1,2009-08-07,46.0,32,0.05728571428571443,10,187.0
2,2009-08-07,47.333333333333336,32,0.042857142857142864,7,172.0
1,2009-08-08,52.666666666666664,32,0.06000000000000015,21,177.0
2,2009-08-08,52.666666666666664,32,0.05285714285714286,20,177.0
1,2009-08-16,52.666666666666664,33,0.09000000000000015,18,164.0
2,2009-08-16,54.0,33,0.038571428571428576,19,159.0
1,2009-08-17,51.333333333333336,34,0.1371428571428573,13,180.0
2,2009-08-17,51.333333333333336,34,0.12285714285714286,12,180.0
1,2009-08-19,47.333333333333336,34,0.18714285714285728,24,178.0
2,2009-08-19,48.666666666666664,34,0.21,17,175.0
1,2009-08-20,47.333333333333336,34,0.1971428571428573,14,183.0
2,2009-08-20,48.0,34,0.22714285714285712,15,176.0
1,2009-08-21,44.0,34,0.22000000000000014,14,210.0
2,2009-08-21,44.666666666666664,34,0.23428571428571426,15,199.0
1,2009-08-26,45.333333333333336,35,0.16571428571428587,11,217.0
2,2009-08-26,45.333333333333336,35,0.10142857142857144,8,230.0
1,2009-08-27,42.666666666666664,35,0.29142857142857154,6,253.0
2,2009-08-27,43.333333333333336,35,0.2542857142857143,5,246.0
1,2009-08-28,42.666666666666664,35,0.30000000000000016,8,261.0
2,2009-08-28,44.0,35,0.2871428571428571,10,233.0
1,2009-08-29,42.0,35,0.302857142857143,13,186.0
2,2009-08-29,42.0,35,0.2885714285714286,13,196.0
2,2009-09-03,44.0,36,0.04157142857142858,18,187.0
1,2009-09-04,43.333333333333336,36,0.002857142857143016,21,190.0
2,2009-09-04,44.666666666666664,36,0.0015714285714285713,17,177.0
1,2009-09-05,44.0,36,1.5860328923216522e-16,24,202.0
2,2009-09-05,45.333333333333336,36,0.00014285714285714287,21,183.0
1,2009-09-06,46.0,36,0.004285714285714444,16,187.0
1,2009-09-07,45.333333333333336,37,0.004285714285714444,18,196.0
2,2009-09-07,46.666666666666664,37,0.00014285714285714287,14,179.0
2,2009-09-08,46.666666666666664,37,0.00014285714285714287,16,198.0
1,2009-09-09,48.0,37,0.004285714285714444,13,187.0
2,2009-09-09,48.666666666666664,37,0.00014285714285714287,9,180.0
1,2009-09-10,48.666666666666664,37,0.004285714285714444,17,175.0
2,2009-09-10,48.666666666666664,37,0.00014285714285714287,15,175.0
1,2009-09-11,47.333333333333336,37,0.004285714285714444,19,172.0
1,2009-09-12,46.0,37,0.004285714285714444,21,194.0
2,2009-09-12,46.666666666666664,37,0.00014285714285714287,17,192.0
1,2009-09-13,46.0,37,1.5860328923216522e-16,22,154.0
2,2009-09-13,45.333333333333336,37,0.0014285714285714286,22,169.0
1,2009-09-18,43.333333333333336,38,1.5860328923216522e-16,29,198.0
1,2009-09-20,42.666666666666664,38,0.1071428571428573,19,218.0
2,2009-09-20,42.0,38,0.06285714285714286,17,233.0
1,2009-09-21,42.666666666666664,39,0.10728571428571444,7,244.0
2,2009-09-21,44.0,39,0.063,6,225.0
1,2009-09-22,45.333333333333336,39,0.10728571428571444,18,237.0
2,2009-09-22,46.666666666666664,39,0.06871428571428571,13,216.0
1,2009-09-23,46.0,39,0.10728571428571444,14,207.0
2,2009-09-23,46.0,39,0.06871428571428571,14,213.0
1,2009-09-24,46.0,39,0.10728571428571444,9,213.0
2,2009-09-24,45.333333333333336,39,0.06871428571428571,7,217.0
1,2009-09-25,43.333333333333336,39,0.1301428571428573,10,214.0
2,2009-09-25,43.333333333333336,39,0.07157142857142858,10,214.0
1,2009-09-26,41.333333333333336,39,0.1301428571428573,14,249.0
2,2009-09-26,40.666666666666664,39,0.07171428571428572,10,268.0
1,2009-09-27,41.333333333333336,39,0.034428571428571586,24,219.0
2,2009-09-27,42.666666666666664,39,0.07742857142857143,21,192.0
1,2009-09-28,37.333333333333336,40,0.03571428571428587,13,186.0
2,2009-09-28,38.0,40,0.07742857142857142,13,165.0
2,2009-09-29,35.333333333333336,40,0.07185714285714284,10,295.0
1,2009-10-01,33.333333333333336,40,0.162857142857143,18,1020.0
2,2009-10-01,34.666666666666664,40,0.15614285714285714,15,512.0
1,2009-10-02,34.666666666666664,40,0.17000000000000015,9,512.0
2,2009-10-02,34.666666666666664,40,0.17757142857142855,8,512.0
1,2009-10-03,34.666666666666664,40,0.1857142857142859,10,547.0
2,2009-10-03,35.333333333333336,40,0.18171428571428572,11,438.0
1,2009-10-06,36.666666666666664,41,0.17728571428571444,12,314.0
2,2009-10-06,37.333333333333336,41,0.12,13,257.0
1,2009-10-08,32.666666666666664,41,0.06728571428571443,8,2037.0
2,2009-10-08,34.0,41,0.055714285714285716,7,681.0
1,2009-10-09,30.666666666666668,41,0.10300000000000017,13,-802.0
2,2009-10-09,30.666666666666668,41,0.09285714285714286,12,-873.0
1,2009-10-12,30.0,42,0.09000000000000016,7,-197.0
2,2009-10-12,30.666666666666668,42,0.0887142857142857,7,-149.0
2,2009-10-13,28.0,42,0.08157142857142856,12,-0.0
1,2009-10-14,30.0,42,0.09000000000000016,6,-197.0
2,2009-10-14,30.0,42,0.08585714285714285,6,-197.0
1,2009-10-15,28.666666666666668,42,0.11428571428571445,3,-176.0
2,2009-10-15,28.666666666666668,42,0.11299999999999999,3,-176.0
1,2009-10-16,28.0,42,0.05428571428571444,6,-98.0
2,2009-10-16,28.666666666666668,42,0.063,6,-118.0
1,2009-10-17,29.333333333333332,42,0.05442857142857158,16,-37.0
2,2009-10-17,30.666666666666668,42,0.06442857142857143,13,-149.0
1,2009-10-20,36.666666666666664,43,0.05585714285714301,14,334.0
2,2009-10-20,38.666666666666664,43,0.07142857142857142,13,221.0
1,2009-10-21,41.333333333333336,43,0.05171428571428587,14,209.0
1,2009-10-22,35.333333333333336,43,0.1574285714285716,10,466.0
2,2009-10-22,36.0,43,0.14142857142857143,9,413.0
1,2009-10-23,34.666666666666664,43,0.278857142857143,19,617.0
2,2009-10-23,35.333333333333336,43,0.31428571428571433,18,522.0
1,2009-10-24,29.333333333333332,43,0.2844285714285716,12,-184.0
2,2009-10-24,29.333333333333332,43,0.31999999999999995,10,-184.0
1,2009-10-25,35.333333333333336,43,0.32300000000000023,18,381.0
2,2009-10-25,36.0,43,0.35428571428571426,19,271.0
1,2009-10-26,34.666666666666664,44,0.3387142857142859,6,582.0
2,2009-10-26,35.333333333333336,44,0.37285714285714283,5,438.0
1,2009-10-27,32.0,44,0.34300000000000014,6,inf
2,2009-10-27,33.333333333333336,44,0.3885714285714286,4,1020.0
1,2009-10-28,36.0,44,0.342857142857143,7,413.0
2,2009-10-28,36.0,44,0.3871428571428572,8,413.0
1,2009-10-29,36.0,44,0.2814285714285716,13,436.0
2,2009-10-29,36.0,44,0.41714285714285715,12,436.0
1,2009-10-30,38.0,44,0.27000000000000013,21,338.0
2,2009-10-30,38.666666666666664,44,0.3971428571428572,21,319.0
1,2010-05-01,42.666666666666664,17,0.24157142857142874,12,192.0
2,2010-05-01,44.0,17,0.35857142857142854,10,179.0
1,2010-05-02,40.666666666666664,17,0.3587142857142859,16,225.0
2,2010-05-02,40.666666666666664,17,0.3842857142857143,14,225.0
1,2010-05-06,36.666666666666664,18,0.15028571428571444,17,149.0
1,2010-05-07,34.666666666666664,18,0.25300000000000017,14,512.0
2,2010-05-07,35.333333333333336,18,0.15871428571428572,13,410.0
1,2010-05-08,30.666666666666668,18,0.2401428571428573,8,-223.0
2,2010-05-08,30.666666666666668,18,0.16871428571428573,8,-223.0
1,2010-05-10,33.333333333333336,19,0.10742857142857158,17,-75.0
2,2010-05-10,34.0,19,0.12457142857142857,15,-152.0
1,2010-05-11,32.0,19,0.24600000000000016,8,inf
2,2010-05-11,34.666666666666664,19,0.2274285714285714,15,512.0
1,2010-05-12,32.0,19,0.2630000000000002,7,inf
2,2010-05-12,33.333333333333336,19,0.24728571428571428,7,949.0
1,2010-05-13,40.666666666666664,19,0.47442857142857164,25,236.0
2,2010-05-13,42.666666666666664,19,0.37871428571428567,29,201.0
1,2010-05-17,36.0,20,0.37000000000000016,8,247.0
2,2010-05-17,37.333333333333336,20,0.27714285714285714,8,204.0
1,2010-05-20,40.666666666666664,20,0.008571428571428731,27,192.0
2,2010-05-20,41.333333333333336,20,0.028571428571428574,21,179.0
1,2010-05-21,43.333333333333336,20,0.038571428571428736,17,222.0
2,2010-05-21,42.666666666666664,20,0.08571428571428573,16,236.0
1,2010-05-22,44.0,20,0.038571428571428736,16,218.0
2,2010-05-22,43.333333333333336,20,0.08714285714285715,14,230.0
2,2010-05-26,52.0,21,0.07157142857142858,15,147.0
2,2010-05-30,52.0,21,0.00028571428571428574,27,133.0
1,2010-05-31,49.333333333333336,22,0.03728571428571444,15,179.0
2,2010-05-31,50.0,22,0.2245714285714286,19,177.0
1,2010-06-01,49.333333333333336,22,0.03728571428571444,22,168.0
2,2010-06-01,50.0,22,0.2245714285714286,19,167.0
1,2010-06-02,44.666666666666664,22,0.18285714285714302,20,221.0
2,2010-06-02,45.333333333333336,22,0.4101428571428572,18,210.0
1,2010-06-05,46.666666666666664,22,0.20428571428571443,19,216.0
2,2010-06-05,46.666666666666664,22,0.48314285714285715,19,204.0
1,2010-06-06,44.0,22,0.2044285714285716,21,187.0
2,2010-06-06,44.666666666666664,22,0.48314285714285715,17,170.0
1,2010-06-08,42.0,23,0.23157142857142873,9,242.0
2,2010-06-08,42.0,23,0.306,8,242.0
1,2010-06-09,49.333333333333336,23,0.085857142857143,18,136.0
2,2010-06-09,50.0,23,0.1202857142857143,16,126.0
1,2010-06-11,51.333333333333336,23,0.08871428571428587,25,175.0
2,2010-06-11,50.666666666666664,23,0.1787142857142857,24,181.0
1,2010-06-12,46.666666666666664,23,0.115857142857143,15,204.0
2,2010-06-12,46.666666666666664,23,0.123,15,204.0
1,2010-06-13,44.666666666666664,23,0.1514285714285716,9,228.0
2,2010-06-13,44.666666666666664,23,0.15857142857142856,12,221.0
1,2010-06-14,43.333333333333336,24,0.15157142857142872,10,246.0
2,2010-06-14,44.666666666666664,24,0.15999999999999998,11,221.0
1,2010-06-15,46.666666666666664,24,0.1715714285714287,19,222.0
2,2010-06-15,46.666666666666664,24,0.23857142857142857,18,216.0
1,2010-06-18,52.666666666666664,24,0.29300000000000015,23,160.0
2,2010-06-18,52.666666666666664,24,0.2742857142857143,25,160.0
1,2010-06-21,50.666666666666664,25,0.2401428571428573,18,176.0
2,2010-06-21,51.333333333333336,25,0.2772857142857143,17,170.0
1,2010-06-23,52.0,25,0.2801428571428573,18,183.0
2,2010-06-23,51.333333333333336,25,0.3272857142857143,20,184.0
1,2010-06-26,52.0,25,0.27728571428571447,18,165.0
2,2010-06-26,52.0,25,0.3329999999999999,20,160.0
2,2010-06-27,53.333333333333336,25,0.4585714285714286,15,168.0
1,2010-07-06,54.666666666666664,27,0.05285714285714301,17,158.0
2,2010-07-06,55.333333333333336,27,0.01,16,150.0
1,2010-07-07,54.666666666666664,27,0.0814285714285716,22,162.0
1,2010-07-08,54.0,27,0.10428571428571444,15,167.0
2,2010-07-08,54.0,27,0.038571428571428576,13,163.0
1,2010-07-11,50.666666666666664,27,0.21728571428571447,19,162.0
2,2010-07-11,50.666666666666664,27,0.14585714285714285,18,157.0
1,2010-07-12,50.0,28,0.21742857142857158,19,177.0
2,2010-07-12,50.0,28,0.14728571428571427,19,172.0
2,2010-07-13,52.0,28,0.1444285714285714,13,156.0
1,2010-07-14,53.333333333333336,28,0.16028571428571442,20,176.0
2,2010-07-14,54.666666666666664,28,0.1372857142857143,19,158.0
1,2010-07-19,51.333333333333336,29,0.02857142857142873,15,170.0
2,2010-07-19,52.0,29,0.04442857142857142,12,165.0
2,2010-07-20,51.333333333333336,29,0.04157142857142856,16,170.0
2,2010-07-22,54.0,29,0.04442857142857142,18,167.0
1,2010-07-23,54.666666666666664,29,0.40300000000000014,24,166.0
2,2010-07-23,55.333333333333336,29,0.4944285714285714,24,162.0
1,2010-07-24,52.0,29,0.9230000000000002,18,187.0
2,2010-07-24,52.0,29,1.1701428571428572,18,183.0
2,2010-07-25,50.0,29,1.203,13,152.0
1,2010-07-28,54.0,30,0.9200000000000002,15,171.0
2,2010-07-28,56.0,30,1.202857142857143,14,157.0
1,2010-07-30,50.0,30,0.5201428571428572,11,152.0
2,2010-07-30,50.0,30,0.7501428571428573,8,147.0
1,2010-07-31,48.666666666666664,30,0.09728571428571442,15,186.0
2,2010-07-31,48.0,30,0.16014285714285728,13,187.0
1,2010-08-01,50.666666666666664,30,0.09728571428571442,21,171.0
2,2010-08-01,50.0,30,0.08585714285714298,18,172.0
1,2010-08-02,50.666666666666664,31,0.09742857142857156,17,181.0
2,2010-08-02,51.333333333333336,31,0.0972857142857144,14,170.0
1,2010-08-03,50.666666666666664,31,0.13742857142857157,20,200.0
2,2010-08-03,50.666666666666664,31,0.325857142857143,22,195.0
1,2010-08-04,51.333333333333336,31,0.20600000000000016,12,198.0
2,2010-08-04,50.666666666666664,31,0.4072857142857144,10,200.0
1,2010-08-08,52.0,31,0.12014285714285726,18,169.0
1,2010-08-09,53.333333333333336,32,0.14142857142857154,16,176.0
2,2010-08-09,54.666666666666664,32,0.31728571428571445,14,158.0
1,2010-08-11,55.333333333333336,32,0.03285714285714298,15,158.0
2,2010-08-11,56.0,32,0.0072857142857144135,13,150.0
1,2010-08-13,55.333333333333336,32,0.0685714285714287,19,158.0
2,2010-08-13,55.333333333333336,32,0.10157142857142872,21,158.0
1,2010-08-17,48.0,33,0.04014285714285727,15,153.0
2,2010-08-17,48.0,33,0.09871428571428585,14,153.0
1,2010-08-18,49.333333333333336,33,0.04728571428571442,21,163.0
2,2010-08-18,49.333333333333336,33,0.10442857142857155,19,158.0
1,2010-08-20,54.666666666666664,33,0.015857142857142983,21,154.0
2,2010-08-20,56.0,33,0.010285714285714412,18,139.0
1,2010-08-21,52.666666666666664,33,0.08000000000000014,15,173.0
2,2010-08-21,52.666666666666664,33,0.09442857142857154,15,168.0
1,2010-09-01,50.666666666666664,35,0.024285714285714414,10,186.0
2,2010-09-01,50.666666666666664,35,0.02000000000000013,9,176.0
1,2010-09-02,49.333333333333336,35,0.24571428571428583,18,199.0
2,2010-09-02,50.0,35,0.15142857142857155,17,187.0
2,2010-09-04,40.0,35,0.1515714285714287,16,137.0
1,2010-09-05,42.0,35,0.24614285714285725,27,177.0
1,2010-09-11,44.666666666666664,36,0.0345714285714287,17,177.0
2,2010-09-11,44.666666666666664,36,0.02314285714285727,16,170.0
2,2010-09-15,45.333333333333336,37,0.0285714285714287,14,148.0
1,2010-09-16,40.666666666666664,37,0.05728571428571442,16,268.0
2,2010-09-16,42.666666666666664,37,0.03285714285714299,13,210.0
1,2010-09-18,41.333333333333336,37,0.07300000000000013,7,239.0
2,2010-09-18,42.0,37,0.04142857142857156,6,223.0
1,2010-09-19,40.666666666666664,37,0.07314285714285727,12,192.0
2,2010-09-19,41.333333333333336,37,0.04285714285714298,12,169.0
1,2010-09-21,52.0,38,0.08042857142857156,20,156.0
2,2010-09-21,52.0,38,0.04728571428571442,22,147.0
2,2010-09-22,46.666666666666664,38,0.041571428571428704,11,192.0
2,2010-09-23,52.0,38,0.037285714285714415,24,142.0
1,2010-09-24,45.333333333333336,38,0.09457142857142871,24,162.0
2,2010-09-24,45.333333333333336,38,0.06585714285714299,22,155.0
2,2010-09-25,37.333333333333336,38,0.034571428571428704,8,204.0
1,2010-09-26,36.666666666666664,38,0.044571428571428706,10,273.0
2,2010-09-26,37.333333333333336,38,0.04028571428571442,8,222.0
2,2010-09-27,37.333333333333336,39,0.041571428571428704,14,257.0
1,2010-10-01,40.666666666666664,39,0.011571428571428706,25,137.0
2,2010-10-01,41.333333333333336,39,0.0115714285714287,25,117.0
1,2010-10-02,34.0,39,0.048714285714285856,12,443.0
2,2010-10-02,34.0,39,0.04714285714285727,9,491.0
1,2010-10-03,32.666666666666664,39,0.060000000000000143,14,1035.0
2,2010-10-03,33.333333333333336,39,0.04142857142857156,14,445.0
1,2010-10-13,38.0,41,0.01428571428571442,19,229.0
2,2010-10-13,37.333333333333336,41,0.03714285714285727,15,293.0
1,2010-10-16,37.333333333333336,41,0.01428571428571442,31,131.0
1,2010-10-23,40.0,42,0.01728571428571442,11,185.0
2,2010-10-23,40.666666666666664,42,0.0315714285714287,13,126.0
1,2010-10-24,42.0,42,0.024428571428571567,18,205.0
2,2010-10-24,43.333333333333336,42,0.175857142857143,16,165.0
1,2010-10-25,42.666666666666664,43,0.024428571428571567,16,218.0
2,2010-10-25,43.333333333333336,43,0.17728571428571444,15,206.0
1,2010-10-26,41.333333333333336,43,0.058714285714285844,16,159.0
2,2010-10-26,42.0,43,0.23442857142857157,17,148.0
1,2011-05-03,29.333333333333332,18,0.00028571428571442056,13,37.0
2,2011-05-03,30.0,18,0.00014285714285726975,13,100.0
1,2011-05-05,32.666666666666664,18,0.00871428571428585,28,1180.0
2,2011-05-05,34.666666666666664,18,0.014428571428571556,21,260.0
1,2011-05-06,37.333333333333336,18,0.008857142857142992,24,131.0
2,2011-05-06,38.0,18,0.014428571428571556,24,116.0
1,2011-05-09,40.0,19,0.009142857142857277,26,161.0
2,2011-05-10,52.0,19,0.014571428571428699,27,138.0
1,2011-05-11,50.0,19,0.02757142857142871,24,182.0
2,2011-05-11,52.0,19,0.0545714285714287,21,160.0
1,2011-05-12,48.0,19,0.06042857142857156,28,187.0
2,2011-05-12,50.0,19,0.043142857142857274,24,157.0
1,2011-05-13,41.333333333333336,19,0.06314285714285728,30,229.0
1,2011-05-14,32.666666666666664,19,0.10728571428571443,8,2177.0
2,2011-05-14,32.666666666666664,19,0.105857142857143,5,2037.0
1,2011-05-15,29.333333333333332,19,0.1515714285714287,5,-148.0
2,2011-05-15,30.0,19,0.15871428571428584,6,-294.0
1,2011-05-18,35.333333333333336,20,0.142857142857143,8,466.0
2,2011-05-18,37.333333333333336,20,0.12285714285714298,11,310.0
1,2011-05-19,40.666666666666664,20,0.10142857142857155,23,236.0
2,2011-05-19,41.333333333333336,20,0.12000000000000012,23,219.0
1,2011-05-20,41.333333333333336,20,0.09857142857142873,23,229.0
2,2011-05-20,40.666666666666664,20,0.11857142857142869,22,236.0
1,2011-05-21,42.0,20,0.05571428571428585,25,260.0
2,2011-05-21,42.666666666666664,20,0.057285714285714405,25,244.0
1,2011-05-22,49.333333333333336,20,0.09428571428571442,26,158.0
2,2011-05-22,51.333333333333336,20,0.021571428571428696,23,137.0
1,2011-05-25,38.0,21,0.4201428571428573,20,323.0
2,2011-05-25,41.333333333333336,21,0.2902857142857144,26,219.0
1,2011-05-26,30.666666666666668,21,0.5715714285714287,6,-587.0
2,2011-05-26,31.333333333333332,21,0.37742857142857156,7,-1176.0
1,2011-05-27,32.666666666666664,21,0.571714285714286,18,1324.0
2,2011-05-27,33.333333333333336,21,0.378857142857143,16,663.0
1,2011-05-28,38.0,21,0.5874285714285715,11,369.0
2,2011-05-28,38.666666666666664,21,0.41157142857142875,12,333.0
1,2011-05-29,40.666666666666664,21,0.7731428571428572,18,299.0
2,2011-05-29,43.333333333333336,21,0.525857142857143,15,238.0
1,2011-05-31,51.333333333333336,22,0.7687142857142859,16,161.0
2,2011-05-31,52.666666666666664,22,0.5244285714285716,19,155.0
1,2011-06-02,42.0,22,0.30014285714285727,13,119.0
2,2011-06-02,42.0,22,0.16600000000000015,12,129.0
2,2011-06-03,48.666666666666664,22,0.19028571428571445,31,169.0
1,2011-06-04,52.0,22,0.3100000000000001,28,156.0
1,2011-06-08,54.0,23,0.054428571428571555,29,142.0
2,2011-06-08,54.666666666666664,23,0.19728571428571445,29,134.0
1,2011-06-09,40.0,23,0.18442857142857155,19,243.0
2,2011-06-09,40.666666666666664,23,0.5071428571428573,17,246.0
1,2011-06-10,40.0,23,0.25728571428571445,18,289.0
2,2011-06-10,40.666666666666664,23,0.5442857142857144,20,268.0
1,2011-06-11,38.0,23,0.235857142857143,10,354.0
2,2011-06-11,39.333333333333336,23,0.48714285714285727,12,290.0
1,2011-06-12,38.0,23,0.23571428571428582,14,213.0
1,2011-06-15,42.666666666666664,24,0.3257142857142859,14,244.0
2,2011-06-15,43.333333333333336,24,0.5071428571428573,15,230.0
1,2011-06-16,47.333333333333336,24,0.19857142857142868,20,172.0
2,2011-06-16,48.0,24,0.2014285714285716,19,165.0
2,2011-06-19,49.333333333333336,24,0.12428571428571447,18,184.0
1,2011-06-20,48.0,25,0.14571428571428585,14,210.0
2,2011-06-20,50.0,25,0.3000000000000002,11,187.0
1,2011-06-21,52.0,25,0.21000000000000016,23,183.0
2,2011-06-21,52.666666666666664,25,0.31142857142857167,20,177.0
1,2011-06-22,46.0,25,0.09857142857142871,9,213.0
1,2011-06-23,44.666666666666664,25,0.09428571428571442,9,206.0
2,2011-06-23,45.333333333333336,25,0.19714285714285734,9,203.0
2,2011-06-25,46.666666666666664,25,0.1972857142857145,17,135.0
1,2011-06-27,48.666666666666664,26,0.07285714285714298,16,180.0
2,2011-06-27,49.333333333333336,26,0.0415714285714288,13,179.0
2,2011-06-30,52.0,26,0.024428571428571653,23,142.0
2,2011-07-01,53.333333333333336,26,0.02585714285714308,19,142.0
1,2011-07-02,55.333333333333336,26,0.004428571428571555,23,158.0
2,2011-07-02,55.333333333333336,26,0.02571428571428594,20,162.0
2,2011-07-04,52.0,27,0.005714285714285936,20,105.0
1,2011-07-07,48.666666666666664,27,0.0002857142857144126,19,125.0
2,2011-07-07,49.333333333333336,27,0.011428571428571652,15,131.0
1,2011-07-10,55.333333333333336,27,0.00042857142857155546,17,150.0
2,2011-07-10,55.333333333333336,27,0.010142857142857368,16,146.0
1,2011-07-11,53.333333333333336,28,0.05614285714285727,17,176.0
2,2011-07-11,53.333333333333336,28,0.02871428571428594,20,172.0
1,2011-07-12,52.666666666666664,28,0.057571428571428704,17,147.0
2,2011-07-12,53.333333333333336,28,0.030142857142857367,17,147.0
1,2011-07-16,53.333333333333336,28,0.057571428571428704,18,134.0
1,2011-07-18,57.333333333333336,29,0.0031428571428572696,12,163.0
2,2011-07-18,58.0,29,0.0015714285714287933,12,156.0
2,2011-07-19,57.333333333333336,29,0.0001428571428573649,13,156.0
1,2011-07-20,57.333333333333336,29,0.004571428571428698,26,156.0
2,2011-07-20,59.333333333333336,29,0.0001428571428573649,23,146.0
1,2011-07-21,58.0,29,0.007428571428571556,24,142.0
1,2011-07-22,52.666666666666664,29,0.22871428571428584,18,177.0
1,2011-07-23,52.666666666666664,29,1.2085714285714286,17,177.0
2,2011-07-23,52.666666666666664,29,0.00585714285714308,17,177.0
1,2011-07-24,53.333333333333336,29,1.2342857142857147,15,172.0
2,2011-07-24,53.333333333333336,29,0.008714285714285936,15,168.0
1,2011-07-27,52.666666666666664,30,1.3314285714285716,22,160.0
2,2011-07-27,54.666666666666664,30,0.011571428571428793,20,146.0
1,2011-07-28,53.333333333333336,30,1.4285714285714286,14,176.0
2,2011-07-28,54.0,30,0.011714285714285937,14,171.0
1,2011-07-29,52.666666666666664,30,1.3071428571428574,15,164.0
2,2011-07-29,53.333333333333336,30,0.06314285714285736,12,168.0
2,2011-08-01,56.0,31,0.053142857142857367,15,157.0
2,2011-08-02,56.0,31,0.09171428571428594,19,165.0
2,2011-08-03,53.333333333333336,31,0.09157142857142879,14,155.0
1,2011-08-05,50.666666666666664,31,0.0615714285714287,14,186.0
1,2011-08-06,52.666666666666664,31,0.08728571428571441,13,177.0
2,2011-08-06,52.666666666666664,31,0.13871428571428593,12,177.0
1,2011-08-07,51.333333333333336,31,0.19442857142857156,18,184.0
2,2011-08-07,52.666666666666664,31,0.20871428571428594,17,173.0
1,2011-08-08,49.333333333333336,32,0.2844285714285716,12,194.0
2,2011-08-08,50.0,32,0.25014285714285733,11,187.0
1,2011-08-09,48.0,32,0.22300000000000011,16,176.0
2,2011-08-09,49.333333333333336,32,0.21157142857142877,16,163.0
1,2011-08-13,48.666666666666664,32,0.3042857142857144,21,186.0
2,2011-08-13,50.0,32,0.24571428571428594,18,167.0
1,2011-08-14,46.0,32,0.19728571428571443,13,194.0
2,2011-08-14,46.0,32,0.17714285714285735,13,194.0
2,2011-08-18,52.0,33,0.1342857142857145,14,147.0
1,2011-08-20,48.666666666666664,33,0.15871428571428586,14,202.0
2,2011-08-20,49.333333333333336,33,0.05714285714285737,11,194.0
1,2011-08-21,48.0,33,0.15871428571428584,16,159.0
2,2011-08-21,49.333333333333336,33,0.05714285714285737,15,147.0
1,2011-08-23,45.333333333333336,34,0.2515714285714287,11,224.0
2,2011-08-23,46.666666666666664,34,0.11428571428571452,8,198.0
1,2011-08-24,54.0,34,0.2515714285714287,23,146.0
1,2011-08-30,46.0,35,0.005714285714285841,15,168.0
2,2011-08-30,48.0,35,0.002857142857143079,15,136.0
1,2011-08-31,50.666666666666664,35,0.005857142857142984,22,166.0
1,2011-09-02,56.0,35,0.005857142857142984,16,150.0
1,2011-09-03,52.666666666666664,35,0.008714285714285841,20,164.0
2,2011-09-04,44.666666666666664,35,0.03171428571428594,14,177.0
1,2011-09-08,44.0,36,0.003000000000000127,18,171.0
2,2011-09-08,45.333333333333336,36,0.03042857142857165,12,162.0
1,2011-09-09,44.0,36,0.005857142857142984,12,225.0
2,2011-09-09,45.333333333333336,36,0.04600000000000022,8,210.0
1,2011-09-10,44.666666666666664,36,0.003000000000000127,22,206.0
2,2011-09-10,44.666666666666664,36,0.02600000000000022,18,214.0
1,2011-09-11,46.666666666666664,36,0.003000000000000127,26,179.0
2,2011-09-11,48.0,36,0.02585714285714308,23,165.0
1,2011-09-13,43.333333333333336,37,0.003000000000000127,17,190.0
2,2011-09-13,44.666666666666664,37,0.025714285714285936,18,177.0
1,2011-09-14,35.333333333333336,37,0.014428571428571556,11,324.0
2,2011-09-14,36.0,37,0.02585714285714308,12,318.0
1,2011-09-18,40.0,37,0.07285714285714298,10,278.0
2,2011-09-18,40.666666666666664,37,0.04871428571428594,10,246.0
1,2011-09-19,41.333333333333336,38,0.10714285714285728,15,268.0
2,2011-09-19,41.333333333333336,38,0.10728571428571451,12,268.0
1,2011-09-20,41.333333333333336,38,0.10714285714285728,25,229.0
2,2011-09-20,42.666666666666664,38,0.10871428571428594,22,201.0
1,2011-09-21,42.666666666666664,38,0.09585714285714299,15,157.0
2,2011-09-23,36.666666666666664,38,0.1115714285714288,14,294.0
1,2011-09-24,38.0,38,0.11585714285714299,11,276.0
2,2011-09-24,38.0,38,0.12157142857142879,12,261.0
1,2011-09-25,38.666666666666664,38,0.06585714285714299,13,305.0
2,2011-09-25,39.333333333333336,38,0.10585714285714307,12,278.0
1,2011-09-26,38.0,39,0.20442857142857157,7,307.0
2,2011-09-26,38.666666666666664,39,0.1758571428571431,10,263.0
1,2011-09-27,39.333333333333336,39,0.24871428571428586,9,278.0
2,2011-09-27,39.333333333333336,39,0.21014285714285738,9,278.0
1,2011-09-28,38.666666666666664,39,0.3585714285714287,10,319.0
2,2011-09-28,39.333333333333336,39,0.23142857142857168,11,290.0
1,2011-09-29,38.666666666666664,39,0.3671428571428573,17,277.0
2,2011-09-29,39.333333333333336,39,0.24428571428571452,15,240.0
1,2011-09-30,34.0,39,0.38000000000000017,12,443.0
2,2011-09-30,35.333333333333336,39,0.26571428571428596,11,295.0
1,2011-10-13,39.333333333333336,41,0.04000000000000013,14,303.0
2,2011-10-13,38.666666666666664,41,0.07000000000000021,12,333.0
1,2011-10-16,36.666666666666664,41,0.06428571428571442,14,149.0
2,2011-10-16,35.333333333333336,41,0.08714285714285737,14,208.0
1,2011-10-18,32.0,42,0.07285714285714298,13,inf
2,2011-10-18,31.333333333333332,42,0.09000000000000022,14,-886.0
1,2011-10-19,31.333333333333332,42,0.1942857142857144,5,-1176.0
2,2011-10-19,31.333333333333332,42,0.21000000000000021,5,-1320.0
1,2011-10-20,30.0,42,0.16571428571428584,4,-246.0
2,2011-10-20,29.333333333333332,42,0.15000000000000022,4,-221.0
1,2011-10-23,35.333333333333336,42,0.17000000000000012,30,266.0
2,2011-10-23,36.0,42,0.1642857142857145,26,247.0
2,2011-10-24,36.0,43,0.17285714285714307,18,174.0
1,2011-10-25,40.0,43,0.1642857142857144,29,173.0
2,2011-10-25,41.333333333333336,43,0.1885714285714288,25,138.0
2,2011-10-26,34.0,43,0.0685714285714288,7,491.0
1,2011-10-27,30.666666666666668,43,0.0485714285714287,14,-370.0
2,2011-10-27,30.0,43,0.08142857142857166,13,-294.0
1,2011-10-30,30.0,43,0.0485714285714287,24,-197.0
2,2011-10-30,31.333333333333332,43,0.06571428571428593,20,-298.0
1,2011-10-31,30.0,44,0.0485714285714287,17,-197.0
2,2011-10-31,30.666666666666668,44,0.05714285714285737,14,-223.0
1,2012-05-01,38.0,18,0.058571428571428705,16,323.0
2,2012-05-01,38.666666666666664,18,0.08428571428571452,12,305.0
1,2012-05-02,46.0,18,0.058571428571428705,22,194.0
2,2012-05-02,46.0,18,0.08442857142857164,18,194.0
1,2012-05-03,50.666666666666664,18,0.232857142857143,20,171.0
2,2012-05-03,52.0,18,0.0715714285714288,17,156.0
1,2012-05-04,42.666666666666664,18,0.26857142857142874,18,210.0
2,2012-05-04,41.333333333333336,18,0.1115714285714288,21,239.0
1,2012-05-05,37.333333333333336,18,0.26871428571428585,8,363.0
2,2012-05-05,38.666666666666664,18,0.1115714285714288,10,319.0
1,2012-05-06,40.666666666666664,18,0.3587142857142859,19,236.0
2,2012-05-06,42.666666666666664,18,0.15300000000000022,19,201.0
1,2012-05-07,38.666666666666664,19,0.42585714285714305,12,333.0
2,2012-05-07,38.666666666666664,19,0.23728571428571452,7,346.0
1,2012-05-08,40.666666666666664,19,0.4130000000000002,18,149.0
2,2012-05-08,40.666666666666664,19,0.19300000000000023,19,149.0
1,2012-05-09,36.0,19,0.42157142857142876,13,271.0
1,2012-05-12,40.666666666666664,19,0.19428571428571442,16,115.0
2,2012-05-12,39.333333333333336,19,0.17871428571428596,16,175.0
1,2012-05-15,48.0,20,0.02000000000000013,29,82.0
2,2012-05-15,46.666666666666664,20,0.03600000000000022,28,82.0
1,2012-05-20,52.666666666666664,20,0.02714285714285727,28,120.0
2,2012-05-20,52.666666666666664,20,0.02014285714285737,27,120.0
1,2012-05-26,48.666666666666664,21,0.02014285714285727,26,130.0
2,2012-05-28,56.0,22,0.002857142857143079,20,116.0
1,2012-05-31,34.0,22,0.16028571428571442,7,634.0
2,2012-05-31,34.666666666666664,22,0.1415714285714288,6,476.0
1,2012-06-01,38.0,22,0.16171428571428587,16,181.0
2,2012-06-01,38.0,22,0.14585714285714307,15,197.0
1,2012-06-11,53.333333333333336,24,0.00014285714285726975,20,138.0
1,2012-06-16,54.666666666666664,24,0.04442857142857155,25,122.0
2,2012-06-16,54.666666666666664,24,0.054285714285714506,25,122.0
1,2012-06-17,52.0,24,0.06014285714285727,18,133.0
2,2012-06-17,51.333333333333336,24,0.07571428571428594,17,137.0
1,2012-06-21,52.0,25,0.061428571428571555,15,133.0
1,2012-06-28,58.666666666666664,26,0.005714285714285841,24,136.0
2,2012-06-28,59.333333333333336,26,0.02285714285714308,24,129.0
1,2012-06-29,52.666666666666664,26,0.06571428571428584,19,138.0
2,2012-06-29,52.666666666666664,26,0.06285714285714308,18,142.0
2,2012-07-01,52.0,26,0.14300000000000024,24,174.0
1,2012-07-02,56.666666666666664,27,0.06585714285714298,27,146.0
1,2012-07-05,60.666666666666664,27,0.10014285714285728,24,127.0
2,2012-07-05,60.666666666666664,27,0.12028571428571452,23,124.0
1,2012-07-13,54.666666666666664,28,0.04000000000000013,23,134.0
2,2012-07-13,55.333333333333336,28,0.0001428571428573649,20,131.0
2,2012-07-14,53.333333333333336,28,0.0002857142857145078,18,155.0
1,2012-07-18,55.333333333333336,29,0.1615714285714287,22,162.0
2,2012-07-18,54.0,29,0.07885714285714308,20,171.0
1,2012-07-19,51.333333333333336,29,0.27585714285714297,12,189.0
2,2012-07-19,52.0,29,0.2060000000000002,15,183.0
2,2012-07-20,50.666666666666664,29,0.20600000000000024,13,152.0
1,2012-07-23,59.333333333333336,30,0.23600000000000015,16,129.0
1,2012-07-24,51.333333333333336,30,0.3131428571428573,15,166.0
2,2012-07-24,53.333333333333336,30,0.26157142857142884,17,155.0
1,2012-07-25,56.666666666666664,30,0.19314285714285728,29,139.0
1,2012-07-26,52.666666666666664,30,0.1802857142857144,20,173.0
1,2012-07-29,49.333333333333336,30,0.1845714285714287,22,152.0
2,2012-07-31,52.666666666666664,31,0.035714285714285934,15,155.0
1,2012-08-03,55.333333333333336,31,0.023000000000000128,24,146.0
1,2012-08-04,54.666666666666664,31,0.07585714285714298,22,158.0
2,2012-08-04,56.0,31,0.1700000000000002,23,146.0
1,2012-08-08,52.0,32,0.05300000000000012,12,147.0
2,2012-08-08,53.333333333333336,32,0.14714285714285738,9,138.0
1,2012-08-09,46.0,32,0.06014285714285727,12,213.0
2,2012-08-09,48.0,32,0.1472857142857145,11,182.0
1,2012-08-10,46.0,32,0.08585714285714298,15,161.0
2,2012-08-10,46.0,32,0.20442857142857165,14,161.0
1,2012-08-13,43.333333333333336,33,0.09028571428571443,9,246.0
2,2012-08-13,45.333333333333336,33,0.10728571428571453,9,210.0
1,2012-08-14,46.666666666666664,33,0.09042857142857155,28,185.0
2,2012-08-14,47.333333333333336,33,0.10871428571428594,23,178.0
1,2012-08-16,46.0,33,0.13900000000000015,14,200.0
2,2012-08-16,46.666666666666664,33,0.15157142857142883,12,192.0
1,2012-08-20,44.0,34,0.06742857142857157,16,195.0
2,2012-08-20,45.333333333333336,34,0.12157142857142879,16,162.0
1,2012-08-23,52.0,34,0.01571428571428585,28,119.0
1,2012-08-26,48.666666666666664,34,0.09714285714285728,13,202.0
2,2012-08-26,50.0,34,0.5985714285714288,13,177.0
1,2012-08-27,51.333333333333336,35,0.08571428571428585,22,147.0
2,2012-08-27,52.666666666666664,35,0.5985714285714288,19,142.0
1,2012-09-01,48.666666666666664,35,0.08157142857142871,4,196.0
2,2012-09-01,50.666666666666664,35,0.5585714285714288,5,186.0
1,2012-09-03,53.333333333333336,36,0.00028571428571442847,17,172.0
1,2012-09-04,52.0,36,0.09171428571428586,24,178.0
2,2012-09-04,52.666666666666664,36,0.08285714285714312,21,168.0
1,2012-09-05,50.0,36,0.11457142857142873,23,172.0
1,2012-09-07,46.0,36,0.12314285714285729,19,194.0
2,2012-09-07,46.666666666666664,36,0.13571428571428598,17,179.0
1,2012-09-08,42.666666666666664,36,0.16300000000000012,19,166.0
2,2012-09-08,43.333333333333336,36,0.13285714285714312,17,148.0
1,2012-09-13,42.0,37,0.07571428571428584,17,205.0
2,2012-09-13,42.666666666666664,37,0.08000000000000027,16,210.0
1,2012-09-17,44.666666666666664,38,0.06428571428571443,23,185.0
2,2012-09-17,46.0,38,0.04300000000000026,20,161.0
1,2012-09-21,36.0,38,0.058714285714285865,12,342.0
2,2012-09-21,38.0,38,0.042857142857143114,9,213.0
1,2012-09-22,34.666666666666664,38,0.061571428571428714,15,333.0
2,2012-09-22,36.0,38,0.04428571428571454,13,174.0
2,2012-09-25,44.0,39,0.020000000000000257,23,156.0
2,2012-09-26,42.0,39,0.020000000000000257,12,177.0
1,2012-09-28,39.333333333333336,39,0.0030000000000001427,17,214.0
1,2012-10-03,40.666666666666664,40,0.03728571428571443,4,299.0
2,2012-10-03,43.333333333333336,40,0.004285714285714539,8,214.0
1,2012-10-04,42.0,40,0.05442857142857157,29,196.0
2,2012-10-04,44.0,40,0.018571428571428825,30,156.0
2,2012-10-05,31.333333333333332,40,0.018714285714285968,9,150.0
1,2012-10-09,36.0,41,0.07857142857142872,23,149.0
2,2012-10-09,36.666666666666664,41,0.044428571428571685,24,86.0
1,2012-10-11,34.0,41,0.027142857142857284,32,150.0
2,2012-10-11,35.333333333333336,41,0.026000000000000252,28,30.0
2,2012-10-12,31.333333333333332,41,0.026000000000000252,12,301.0
1,2012-10-13,37.333333333333336,41,0.05728571428571443,23,363.0
2,2012-10-13,38.666666666666664,41,0.09457142857142882,21,263.0
1,2012-10-14,40.0,41,0.16728571428571445,23,278.0
2,2012-10-14,40.666666666666664,41,0.17171428571428596,23,246.0
1,2012-10-17,40.666666666666664,42,0.215857142857143,14,225.0
2,2012-10-17,41.333333333333336,42,0.20742857142857168,14,199.0
1,2012-10-18,33.333333333333336,42,0.22300000000000014,9,663.0
2,2012-10-18,33.333333333333336,42,0.22585714285714312,10,591.0
1,2012-10-19,32.0,42,0.22571428571428584,9,inf
2,2012-10-19,32.666666666666664,42,0.2471428571428574,9,1468.0
1,2012-10-22,38.0,43,0.20142857142857157,16,384.0
2,2012-10-22,41.333333333333336,43,0.14142857142857168,11,239.0
1,2012-10-23,42.666666666666664,43,0.21000000000000016,13,253.0
2,2012-10-23,42.666666666666664,43,0.14571428571428596,10,244.0
1,2012-10-25,40.0,43,0.14571428571428585,30,289.0
2,2012-10-25,40.666666666666664,43,0.13000000000000025,32,257.0
2,2012-10-28,30.0,43,0.10871428571428596,10,50.0
1,2013-05-02,32.666666666666664,18,0.015714285714285858,13,1324.0
1,2013-05-03,29.333333333333332,18,0.022857142857143,8,-364.0
2,2013-05-03,30.0,18,0.003000000000000238,10,-439.0
1,2013-05-05,39.333333333333336,18,0.025857142857143,21,149.0
1,2013-05-09,40.666666666666664,19,0.05600000000000015,29,203.0
2,2013-05-09,42.0,19,0.09300000000000024,26,167.0
1,2013-05-10,30.666666666666668,19,0.06742857142857157,3,-802.0
2,2013-05-10,31.333333333333332,19,0.0958571428571431,6,-1320.0
2,2013-05-11,35.333333333333336,19,0.09571428571428596,18,120.0
2,2013-05-18,46.0,20,0.0002857142857145236,20,161.0
1,2013-05-19,48.0,20,0.0001428571428572856,28,176.0
2,2013-05-19,50.0,20,0.0002857142857145236,25,152.0
1,2013-05-20,51.333333333333336,21,0.155857142857143,24,142.0
2,2013-05-20,52.666666666666664,21,0.17885714285714308,27,129.0
1,2013-05-21,48.666666666666664,21,0.23585714285714302,17,180.0
2,2013-05-21,49.333333333333336,21,0.20742857142857166,17,168.0
1,2013-05-22,42.0,21,0.4287142857142859,21,269.0
2,2013-05-22,43.333333333333336,21,0.3001428571428574,17,230.0
1,2013-05-23,32.0,21,0.43728571428571444,12,inf
2,2013-05-23,33.333333333333336,21,0.31728571428571456,13,591.0
1,2013-05-26,37.333333333333336,21,0.4400000000000002,24,222.0
2,2013-05-26,38.0,21,0.31728571428571456,21,181.0
1,2013-05-27,38.666666666666664,22,0.3171428571428573,9,305.0
2,2013-05-27,40.666666666666664,22,0.1658571428571431,9,246.0
1,2013-05-28,44.0,22,0.2657142857142859,20,255.0
2,2013-05-28,45.333333333333336,22,0.45157142857142885,17,224.0
2,2013-05-29,50.0,22,0.3615714285714288,20,162.0
1,2013-05-30,49.333333333333336,22,0.13857142857142873,19,189.0
2,2013-05-30,50.0,22,0.35728571428571454,19,172.0
1,2013-05-31,47.333333333333336,22,0.18142857142857158,13,207.0
2,2013-05-31,48.0,22,0.3901428571428574,13,193.0
1,2013-06-01,46.666666666666664,22,0.2614285714285716,13,198.0
1,2013-06-02,35.333333333333336,22,0.2600000000000002,20,522.0
2,2013-06-02,36.666666666666664,22,0.45428571428571457,16,334.0
1,2013-06-05,42.666666666666664,23,0.19857142857142876,19,157.0
2,2013-06-05,44.0,23,0.11014285714285733,20,116.0
1,2013-06-06,38.666666666666664,23,0.1471428571428573,12,263.0
2,2013-06-06,40.0,23,0.10585714285714305,11,196.0
1,2013-06-09,45.333333333333336,23,0.024428571428571584,25,169.0
2,2013-06-09,47.333333333333336,23,0.010142857142857332,25,135.0
1,2013-06-10,45.333333333333336,24,0.06157142857142873,16,224.0
2,2013-06-10,45.333333333333336,24,0.13157142857142876,14,210.0
1,2013-06-11,48.0,24,0.061714285714285874,23,182.0
2,2013-06-11,48.0,24,0.16585714285714306,24,176.0
1,2013-06-12,50.0,24,0.16742857142857157,23,172.0
2,2013-06-12,50.666666666666664,24,0.20142857142857165,23,166.0
1,2013-06-13,44.0,24,0.14600000000000016,15,179.0
2,2013-06-13,44.0,24,0.19285714285714306,13,171.0
1,2013-06-15,46.0,24,0.1701428571428573,22,207.0
2,2013-06-15,47.333333333333336,24,0.2100000000000002,20,178.0
2,2013-06-17,50.0,25,0.10142857142857162,26,132.0
1,2013-06-18,42.666666666666664,25,0.13571428571428587,15,184.0
2,2013-06-18,42.666666666666664,25,0.06857142857142876,13,184.0
1,2013-06-21,50.0,25,0.1414285714285716,14,177.0
2,2013-06-21,52.0,25,0.04857142857142876,15,151.0
1,2013-06-22,49.333333333333336,25,0.12285714285714301,13,194.0
1,2013-06-23,51.333333333333336,25,0.24285714285714302,21,180.0
2,2013-06-23,52.666666666666664,25,0.031571428571428764,20,160.0
1,2013-06-24,52.0,26,0.2642857142857144,22,169.0
2,2013-06-24,51.333333333333336,26,0.03728571428571448,18,166.0
1,2013-06-25,50.666666666666664,26,0.26857142857142874,18,190.0
2,2013-06-25,52.666666666666664,26,0.03600000000000019,17,164.0
1,2013-06-26,48.666666666666664,26,0.48000000000000015,14,202.0
2,2013-06-26,50.0,26,0.06314285714285733,13,177.0
1,2013-06-27,51.333333333333336,26,0.6114285714285715,26,175.0
2,2013-06-27,52.666666666666664,26,0.14742857142857163,25,155.0
1,2013-06-28,50.0,26,0.49871428571428583,16,157.0
2,2013-06-28,50.666666666666664,26,0.15457142857142875,15,147.0
1,2013-06-29,45.333333333333336,26,0.49300000000000016,8,196.0
2,2013-06-29,45.333333333333336,26,0.1547142857142859,8,196.0
2,2013-07-02,43.333333333333336,27,0.13457142857142876,6,181.0
1,2013-07-03,44.0,27,0.1345714285714287,13,225.0
2,2013-07-03,45.333333333333336,27,0.11742857142857162,12,203.0
1,2013-07-04,46.666666666666664,27,0.0031428571428572696,27,192.0
2,2013-07-04,48.0,27,0.03314285714285732,22,165.0
1,2013-07-08,52.0,28,0.07442857142857155,16,187.0
2,2013-07-08,52.666666666666664,28,0.1301428571428573,16,177.0
1,2013-07-09,52.666666666666664,28,0.07442857142857155,12,194.0
2,2013-07-09,53.333333333333336,28,0.13142857142857162,10,180.0
2,2013-07-18,58.666666666666664,29,0.004285714285714476,17,142.0
1,2013-07-19,56.0,29,0.09585714285714297,25,154.0
2,2013-07-19,57.333333333333336,29,0.004428571428571618,22,142.0
2,2013-07-20,53.333333333333336,29,0.005857142857143048,16,142.0
1,2013-07-22,52.666666666666664,30,0.09314285714285726,16,160.0
2,2013-07-22,54.0,30,0.003142857142857333,18,142.0
1,2013-07-26,44.0,30,0.07014285714285727,8,233.0
2,2013-07-26,46.666666666666664,30,0.00300000000000019,9,173.0
1,2013-07-28,41.333333333333336,30,0.06028571428571441,15,189.0
2,2013-07-28,42.0,30,0.0017142857142859046,16,148.0
1,2013-07-30,44.0,31,0.0615714285714287,17,218.0
2,2013-07-30,45.333333333333336,31,0.0017142857142859044,13,176.0
1,2013-07-31,46.0,31,0.13300000000000015,13,220.0
2,2013-07-31,46.666666666666664,31,0.027428571428571618,11,204.0
1,2013-08-02,48.666666666666664,31,0.16728571428571443,22,180.0
2,2013-08-02,50.666666666666664,31,0.08457142857142876,21,157.0
1,2013-08-04,45.333333333333336,31,0.16728571428571443,15,176.0
2,2013-08-04,44.666666666666664,31,0.08457142857142876,14,177.0
1,2013-08-05,44.666666666666664,32,0.17728571428571444,17,206.0
2,2013-08-07,54.0,32,0.0630000000000002,21,155.0
1,2013-08-11,47.333333333333336,32,0.017428571428571557,21,183.0
1,2013-08-12,50.0,33,0.04600000000000013,15,177.0
2,2013-08-12,51.333333333333336,33,0.09585714285714306,16,156.0
2,2013-08-19,50.0,34,1.9032394707859825e-16,23,142.0
1,2013-08-21,52.666666666666664,34,0.0014285714285715554,22,155.0
2,2013-08-21,54.0,34,0.0071428571428573335,21,142.0
1,2013-08-22,48.666666666666664,34,0.03428571428571441,10,202.0
2,2013-08-22,48.666666666666664,34,0.05857142857142876,11,196.0
1,2013-08-23,48.0,34,0.03428571428571441,20,142.0
2,2013-08-23,48.666666666666664,34,0.05857142857142876,17,136.0
2,2013-08-28,51.333333333333336,35,0.051428571428571615,12,175.0
1,2013-08-29,52.0,35,1.2688263138573217e-16,23,156.0
2,2013-08-29,52.0,35,1.9032394707859825e-16,18,160.0
1,2013-08-30,54.666666666666664,35,0.05142857142857155,29,154.0
2,2013-08-30,55.333333333333336,35,0.06714285714285732,27,146.0
1,2013-08-31,50.0,35,0.061428571428571555,7,187.0
2,2013-08-31,49.333333333333336,35,0.20428571428571446,7,189.0
1,2013-09-01,50.0,35,0.08142857142857156,20,187.0
2,2013-09-09,54.666666666666664,37,1.9032394707859825e-16,25,154.0
1,2013-09-12,48.0,37,0.001714285714285841,20,165.0
1,2013-09-15,39.333333333333336,37,0.09314285714285728,6,265.0
2,2013-09-15,40.0,37,0.04314285714285733,4,232.0
2,2013-09-18,48.0,38,0.11614285714285733,20,159.0
1,2013-09-19,51.333333333333336,38,0.29142857142857154,15,180.0
2,2013-09-19,51.333333333333336,38,0.10771428571428589,14,170.0
1,2013-09-26,42.0,39,0.00014285714285726975,25,196.0
1,2013-09-28,46.666666666666664,39,0.0285714285714287,29,160.0
2,2013-09-28,48.0,39,0.0028571428571430475,27,136.0
1,2013-09-29,40.0,39,0.054285714285714416,17,208.0
1,2013-10-01,47.333333333333336,40,0.054285714285714416,17,189.0
2,2013-10-01,47.333333333333336,40,0.0028571428571430475,17,183.0
1,2013-10-02,46.0,40,0.054285714285714416,14,127.0
2,2013-10-02,47.333333333333336,40,0.0028571428571430475,13,117.0
1,2013-10-03,46.0,40,0.07142857142857155,18,226.0
2,2013-10-03,47.333333333333336,40,0.11714285714285734,14,207.0
1,2013-10-04,46.666666666666664,40,0.0715714285714287,9,216.0
2,2013-10-04,47.333333333333336,40,0.11714285714285734,10,201.0
1,2013-10-05,47.333333333333336,40,0.16014285714285728,19,213.0
2,2013-10-05,48.666666666666664,40,0.21428571428571447,16,196.0
1,2013-10-06,36.666666666666664,40,0.1472857142857144,19,253.0
1,2013-10-10,40.0,41,0.1302857142857144,28,220.0
1,2013-10-12,40.0,41,0.03014285714285727,27,266.0
1,2013-10-15,38.0,42,0.02714285714285727,15,307.0
2,2013-10-15,38.666666666666664,42,0.014285714285714474,14,263.0
1,2013-10-16,34.0,42,0.027285714285714413,7,634.0
2,2013-10-16,34.0,42,0.014428571428571619,7,539.0
1,2013-10-17,31.333333333333332,42,0.06871428571428584,13,-1748.0
2,2013-10-17,32.666666666666664,42,0.03871428571428591,10,1611.0
1,2013-10-19,32.0,42,0.05300000000000012,12,inf
2,2013-10-19,32.666666666666664,42,0.0387142857142859,11,595.0
1,2013-10-20,32.666666666666664,42,0.054428571428571555,25,1468.0
2,2013-10-20,35.333333333333336,42,0.04157142857142876,24,266.0
2,2013-10-21,30.666666666666668,43,0.04585714285714304,19,-0.0
1,2013-10-22,24.0,43,0.04471428571428584,13,12.0
2,2013-10-22,24.0,43,0.03728571428571448,10,12.0
2,2013-10-23,26.0,43,0.03728571428571448,14,83.0
2,2013-10-29,33.333333333333336,44,0.00028571428571447607,14,518.0
1,2013-10-30,35.333333333333336,44,0.07885714285714299,20,578.0
2,2013-10-30,37.333333333333336,44,0.165857142857143,17,363.0
1,2013-10-31,36.666666666666664,44,0.22728571428571445,18,492.0
2,2013-10-31,37.333333333333336,44,0.45585714285714296,18,431.0
1,2014-05-01,30.666666666666668,18,0.2401428571428573,7,-442.0
2,2014-05-01,31.333333333333332,18,0.46871428571428586,7,-1463.0
1,2014-05-05,32.666666666666664,19,0.24728571428571447,12,299.0
2,2014-05-05,34.666666666666664,19,0.4701428571428573,14,150.0
2,2014-05-07,44.0,19,0.30442857142857166,28,124.0
1,2014-05-08,46.666666666666664,19,0.021714285714285846,38,154.0
1,2014-05-09,42.666666666666664,19,0.16871428571428584,19,184.0
2,2014-05-09,44.666666666666664,19,0.20585714285714302,19,185.0
2,2014-05-11,49.333333333333336,19,0.26442857142857157,22,131.0
1,2014-05-12,49.333333333333336,20,0.4772857142857144,20,179.0
2,2014-05-12,50.666666666666664,20,0.26728571428571446,21,181.0
1,2014-05-13,40.0,20,0.4944285714285716,15,255.0
2,2014-05-13,41.333333333333336,20,0.2872857142857144,16,239.0
1,2014-05-14,33.333333333333336,20,0.49714285714285733,12,518.0
2,2014-05-14,34.0,20,0.2957142857142859,13,443.0
1,2014-05-15,32.0,20,0.5100000000000001,15,inf
2,2014-05-15,33.333333333333336,20,0.3328571428571431,15,445.0
1,2014-05-16,28.0,20,0.3771428571428573,9,-49.0
2,2014-05-16,28.666666666666668,20,0.14000000000000018,4,-147.0
1,2014-05-17,33.333333333333336,20,0.37714285714285734,21,75.0
2,2014-05-17,34.0,20,0.14000000000000018,20,100.0
1,2014-05-19,38.0,21,0.06157142857142876,24,133.0
2,2014-05-19,41.333333333333336,21,0.07728571428571449,18,86.0
1,2014-05-20,49.333333333333336,21,0.16157142857142875,23,147.0
2,2014-05-20,50.0,21,0.14871428571428588,24,152.0
1,2014-05-21,50.0,21,0.1601428571428573,23,126.0
2,2014-05-21,52.666666666666664,21,0.14157142857142876,21,124.0
2,2014-05-26,52.666666666666664,22,0.10428571428571447,23,142.0
1,2014-05-27,48.0,22,0.03142857142857162,27,176.0
2,2014-05-27,48.666666666666664,22,0.08428571428571448,24,191.0
1,2014-05-28,42.666666666666664,22,0.034285714285714475,15,157.0
2,2014-05-28,44.0,22,0.1800000000000002,15,179.0
1,2014-06-02,50.666666666666664,23,0.05442857142857162,15,157.0
1,2014-06-04,42.0,23,0.04728571428571448,15,205.0
2,2014-06-04,43.333333333333336,23,0.04585714285714305,14,206.0
1,2014-06-07,47.333333333333336,23,0.058714285714285906,27,117.0
2,2014-06-07,49.333333333333336,23,0.0630000000000002,23,109.0
1,2014-06-08,42.0,23,0.09142857142857162,18,119.0
2,2014-06-08,42.0,23,0.09285714285714305,15,158.0
1,2014-06-10,40.666666666666664,24,0.2514285714285716,10,214.0
2,2014-06-10,43.333333333333336,24,0.12857142857142875,11,206.0
1,2014-06-11,41.333333333333336,24,0.2985714285714288,10,239.0
2,2014-06-11,44.0,24,0.11571428571428591,7,225.0
1,2014-06-12,46.0,24,0.29871428571428593,21,168.0
2,2014-06-12,48.666666666666664,24,0.11714285714285734,19,158.0
1,2014-06-17,56.0,25,0.07457142857142876,14,131.0
1,2014-06-18,48.0,25,0.09314285714285733,21,187.0
2,2014-06-18,49.333333333333336,25,0.11585714285714306,22,194.0
1,2014-06-19,46.0,25,0.13871428571428593,20,200.0
2,2014-06-19,47.333333333333336,25,0.17014285714285735,22,213.0
1,2014-06-20,49.333333333333336,25,0.14014285714285732,22,174.0
2,2014-06-20,50.666666666666664,25,0.17442857142857163,20,181.0
1,2014-06-21,48.0,25,0.32300000000000023,24,182.0
2,2014-06-21,49.333333333333336,25,0.2787142857142859,22,184.0
1,2014-06-22,48.666666666666664,25,0.3230000000000001,19,169.0
2,2014-06-22,49.333333333333336,25,0.2785714285714288,16,179.0
1,2014-06-23,49.333333333333336,26,0.33014285714285735,15,184.0
2,2014-06-23,51.333333333333336,26,0.30142857142857166,15,184.0
1,2014-06-24,52.666666666666664,26,0.3885714285714288,17,155.0
2,2014-06-24,52.0,26,0.4657142857142859,15,183.0
1,2014-06-25,46.666666666666664,26,0.295857142857143,21,173.0
2,2014-06-25,47.333333333333336,26,0.3542857142857144,17,195.0
1,2014-06-26,46.0,26,0.2501428571428573,19,174.0
2,2014-06-26,46.0,26,0.29857142857142865,17,194.0
1,2014-06-27,49.333333333333336,26,0.24885714285714303,29,168.0
2,2014-06-27,51.333333333333336,26,0.29428571428571443,29,166.0
2,2014-06-28,54.666666666666664,26,0.21285714285714302,13,162.0
1,2014-06-29,51.333333333333336,26,0.07600000000000016,16,175.0
1,2014-06-30,51.333333333333336,27,0.44028571428571445,20,175.0
2,2014-06-30,52.0,27,0.4900000000000002,20,187.0
1,2014-07-01,49.333333333333336,27,0.381857142857143,13,158.0
2,2014-07-01,50.666666666666664,27,0.3314285714285716,16,166.0
1,2014-07-02,42.0,27,0.398857142857143,14,205.0
2,2014-07-02,44.0,27,0.3457142857142859,16,195.0
1,2014-07-03,44.0,27,0.408857142857143,20,132.0
2,2014-07-03,44.0,27,0.35285714285714304,18,156.0
1,2014-07-04,46.0,27,0.40871428571428586,21,114.0
2,2014-07-04,46.666666666666664,27,0.35285714285714304,19,122.0
1,2014-07-05,46.0,27,0.4088571428571431,17,154.0
2,2014-07-05,47.333333333333336,27,0.3314285714285716,16,147.0
1,2014-07-07,53.333333333333336,28,0.11742857142857155,17,142.0
2,2014-07-07,54.0,28,0.10000000000000012,17,151.0
1,2014-07-08,49.333333333333336,28,0.19442857142857156,15,152.0
2,2014-07-08,51.333333333333336,28,0.16285714285714298,14,152.0
1,2014-07-11,47.333333333333336,28,0.16871428571428584,21,141.0
1,2014-07-12,50.0,28,0.23571428571428582,10,182.0
2,2014-07-12,50.666666666666664,28,0.6101428571428572,11,190.0
1,2014-07-15,42.0,29,0.10571428571428584,15,177.0
2,2014-07-15,42.666666666666664,29,0.5387142857142858,14,192.0
1,2014-07-19,46.0,29,0.03714285714285727,23,141.0
1,2014-07-22,53.333333333333336,30,0.0014285714285715554,21,159.0
2,2014-07-22,54.666666666666664,30,0.02714285714285727,19,162.0
1,2014-07-27,50.666666666666664,30,0.004428571428571555,22,142.0
2,2014-07-27,52.0,30,0.033000000000000126,23,147.0
2,2014-07-31,49.333333333333336,31,0.005857142857142984,22,152.0
2,2014-08-01,50.0,31,0.035714285714285844,16,152.0
1,2014-08-04,51.333333333333336,32,0.41714285714285726,20,142.0
2,2014-08-04,52.0,32,0.29000000000000015,20,156.0
1,2014-08-05,48.0,32,0.4158571428571429,16,182.0
2,2014-08-05,49.333333333333336,32,0.30000000000000016,12,189.0
1,2014-08-11,50.0,33,0.12157142857142869,15,167.0
2,2014-08-11,50.666666666666664,33,0.17571428571428585,16,181.0
1,2014-08-12,44.0,33,0.13142857142857153,9,187.0
2,2014-08-12,44.666666666666664,33,0.18857142857142867,7,206.0
1,2014-08-17,45.333333333333336,33,0.1315714285714287,7,210.0
2,2014-08-17,46.0,33,0.18857142857142867,6,220.0
1,2014-08-18,49.333333333333336,34,0.010142857142857271,18,168.0
2,2014-08-18,50.666666666666664,34,0.022857142857142985,18,176.0
1,2014-08-19,52.0,34,0.013000000000000126,17,160.0
2,2014-08-19,53.333333333333336,34,0.0185714285714287,13,163.0
1,2014-08-21,50.0,34,0.1530000000000001,9,192.0
2,2014-08-21,51.333333333333336,34,0.20285714285714299,12,198.0
1,2014-08-22,52.666666666666664,34,0.37871428571428584,14,177.0
2,2014-08-22,54.0,34,0.6557142857142858,13,179.0
1,2014-08-23,51.333333333333336,34,0.42728571428571444,18,184.0
2,2014-08-23,52.666666666666664,34,0.7271428571428572,16,186.0
1,2014-08-25,53.333333333333336,35,0.4285714285714287,17,163.0
2,2014-08-25,55.333333333333336,35,0.8385714285714287,19,165.0
1,2014-08-28,48.0,35,0.2930000000000001,10,153.0
2,2014-08-28,48.666666666666664,35,0.822857142857143,8,169.0
1,2014-08-31,51.333333333333336,35,0.06871428571428585,17,166.0
1,2014-09-01,51.333333333333336,36,0.11871428571428584,13,166.0
1,2014-09-02,50.0,36,0.10300000000000012,15,152.0
1,2014-09-04,52.0,36,0.14000000000000012,14,165.0
2,2014-09-04,53.333333333333336,36,0.03171428571428584,14,168.0
1,2014-09-05,50.666666666666664,36,0.20000000000000012,24,171.0
2,2014-09-05,52.0,36,0.09314285714285728,22,178.0
1,2014-09-09,47.333333333333336,37,0.11000000000000013,16,172.0
2,2014-09-09,49.333333333333336,37,0.0942857142857144,15,168.0
1,2014-09-10,45.333333333333336,37,0.29714285714285726,24,210.0
2,2014-09-10,46.666666666666664,37,0.3242857142857144,24,210.0
1,2014-09-12,33.333333333333336,37,0.2071428571428573,11,807.0
2,2014-09-12,34.666666666666664,37,0.24571428571428586,11,582.0
1,2014-09-15,38.0,38,0.20728571428571443,11,261.0
2,2014-09-15,38.666666666666664,38,0.2472857142857144,8,263.0
1,2014-09-18,41.333333333333336,38,0.018714285714285843,17,209.0
1,2014-09-19,44.0,38,0.00014285714285726975,25,132.0
1,2014-09-20,46.666666666666664,38,0.01728571428571441,14,192.0
2,2014-09-20,48.0,38,0.01728571428571441,17,182.0
1,2014-09-21,40.0,38,0.017428571428571554,18,220.0
1,2014-09-26,43.333333333333336,39,0.01728571428571441,28,181.0
1,2014-09-28,44.0,39,1.2688263138573217e-16,25,187.0
2,2014-09-28,46.0,39,1.2688263138573217e-16,21,174.0
1,2014-09-29,45.333333333333336,40,0.0014285714285715554,30,162.0
2,2014-09-29,47.333333333333336,40,0.00014285714285726975,27,160.0
1,2014-09-30,35.333333333333336,40,0.0015714285714286981,11,438.0
2,2014-09-30,37.333333333333336,40,0.0002857142857144126,10,310.0
2,2014-10-01,42.0,40,0.00042857142857155546,21,186.0
1,2014-10-02,45.333333333333336,40,0.04728571428571442,9,210.0
2,2014-10-02,47.333333333333336,40,0.10328571428571441,9,195.0
1,2014-10-03,36.0,40,0.14442857142857157,22,318.0
2,2014-10-03,38.0,40,0.25328571428571445,22,245.0
1,2014-10-04,27.333333333333332,40,0.1530000000000001,12,-42.0
2,2014-10-04,28.666666666666668,40,0.26042857142857156,12,-89.0
1,2014-10-05,30.666666666666668,40,0.15442857142857155,18,-223.0
2,2014-10-05,32.666666666666664,40,0.2605714285714287,14,595.0
1,2014-10-12,34.0,41,0.0030000000000001107,25,491.0
2,2014-10-12,36.666666666666664,41,0.0028571428571429838,19,253.0
1,2014-10-13,41.333333333333336,42,0.09300000000000011,11,268.0
2,2014-10-13,43.333333333333336,42,0.06428571428571442,12,246.0
1,2014-10-14,39.333333333333336,42,0.1857142857142858,13,328.0
2,2014-10-14,40.666666666666664,42,0.23285714285714296,13,299.0
1,2014-10-15,35.333333333333336,42,0.19285714285714298,5,550.0
2,2014-10-15,37.333333333333336,42,0.24285714285714297,5,380.0
1,2014-10-16,35.333333333333336,42,0.19300000000000012,6,494.0
2,2014-10-16,37.333333333333336,42,0.2430000000000001,5,363.0
1,2014-10-18,28.666666666666668,42,0.19457142857142867,14,-176.0
2,2014-10-18,30.666666666666668,42,0.2472857142857144,13,-587.0
1,2014-10-23,32.0,43,0.0030000000000001107,23,inf
2,2014-10-23,34.666666666666664,43,0.004428571428571555,21,333.0
1,2014-10-25,40.666666666666664,43,0.0014285714285715396,23,92.0
2,2014-10-25,42.666666666666664,43,0.00014285714285726975,23,85.0
2,2014-10-27,44.666666666666664,44,0.003000000000000127,25,155.0
2,2014-10-28,38.0,44,0.0072857142857144135,18,133.0
2,2014-10-30,30.0,44,0.007285714285714412,16,-148.0
1,2014-10-31,26.666666666666668,44,0.0044285714285715394,14,132.0
2,2014-10-31,28.0,44,0.013000000000000126,15,75.0
